Product Name,Pack size,CFA region,CFA,Forecast,Opening Inventory,Net Requirement
SKU_001,20 X 900 ML,East,Kolkata CFA,191.73892965076308,17.98488,173.75404965076308
SKU_001,20 X 900 ML,East,Guwahati CFA,24.07293610519813,3.8592,20.21373610519813
SKU_001,20 X 900 ML,East,Kanpur CFA,248.52985386007745,40.176,208.35385386007744
SKU_001,20 X 900 ML,East,Jamshedpur CFA,43.4387831204526,19.49256,23.946223120452597
SKU_001,20 X 900 ML,North,Rajpura CFA,42.10172740631822,17.07264,25.02908740631822
SKU_001,20 X 900 ML,North,Haryana CFA,127.69665152132309,89.8776,37.81905152132309
SKU_001,20 X 900 ML,South,Bangalore CFA,51.199973798928895,14.721119999999999,36.478853798928895
SKU_001,20 X 900 ML,South,Hyderabad CFA,177.74466267110003,35.84592,141.89874267110002
SKU_001,20 X 900 ML,West,Bhiwandi CFA,90.72404510719502,55.44,35.28404510719503
SKU_001,20 X 900 ML,West,Ahmedabad CFA,49.12484435398197,6.7536000000000005,42.37124435398197
SKU_002,20 X 1 LT,East,Kolkata CFA,134.66433977881815,12.029600000000002,122.63473977881814
SKU_002,20 X 1 LT,East,Guwahati CFA,37.88698371168248,6.800000000000001,31.086983711682482
SKU_002,20 X 1 LT,East,Kanpur CFA,140.43911232365096,23.048000000000002,117.39111232365096
SKU_002,20 X 1 LT,East,Jamshedpur CFA,18.906222907058574,7.724800000000001,11.181422907058572
SKU_002,20 X 1 LT,North,Rajpura CFA,22.385948608623263,7.904000000000001,14.481948608623263
SKU_002,20 X 1 LT,North,Haryana CFA,58.53558613330952,17.6784,40.857186133309526
SKU_002,20 X 1 LT,South,Bangalore CFA,94.58457850408718,19.7528,74.83177850408717
SKU_002,20 X 1 LT,South,Hyderabad CFA,134.2405495017759,6.443200000000001,127.79734950177588
SKU_002,20 X 1 LT,West,Bhiwandi CFA,45.75960398838822,14.719999999999999,31.039603988388222
SKU_002,20 X 1 LT,West,Ahmedabad CFA,5.627946165526996,1.4720000000000002,4.155946165526996
SKU_003,20 X 900 ML,East,Kolkata CFA,26.882180954737596,2.8476,24.034580954737596
SKU_003,20 X 900 ML,East,Guwahati CFA,0.9725184956226832,1.1376,0
SKU_003,20 X 900 ML,East,Kanpur CFA,27.458414263360922,17.575200000000002,9.88321426336092
SKU_003,20 X 900 ML,East,Jamshedpur CFA,4.503524156408717,2.90808,1.5954441564087167
SKU_003,20 X 900 ML,North,Rajpura CFA,39.39626384071783,8.7264,30.66986384071783
SKU_003,20 X 900 ML,North,Haryana CFA,28.494814803747865,22.198320000000002,6.296494803747862
SKU_003,20 X 900 ML,South,Bangalore CFA,10.046178576001976,3.5992800000000003,6.446898576001976
SKU_003,20 X 900 ML,South,Hyderabad CFA,22.129490835480574,9.384480000000002,12.745010835480572
SKU_003,20 X 900 ML,West,Bhiwandi CFA,59.078654680235836,0,59.078654680235836
SKU_003,20 X 900 ML,West,Ahmedabad CFA,27.038585301050155,4.9968,22.041785301050155
SKU_004,12 X 800 ML,East,Kolkata CFA,46.51893870891772,8.667136000000001,37.851802708917724
SKU_004,12 X 800 ML,East,Guwahati CFA,16.86153077525121,7.719168,9.142362775251211
SKU_004,12 X 800 ML,East,Kanpur CFA,23.261901705228315,15.911584000000003,7.350317705228312
SKU_004,12 X 800 ML,East,Jamshedpur CFA,4.978759390525353,3.7197440000000004,1.2590153905253523
SKU_004,12 X 800 ML,North,Rajpura CFA,11.38367990722865,3.964832,7.418847907228651
SKU_004,12 X 800 ML,North,Haryana CFA,19.494203609964227,11.791712000000002,7.702491609964225
SKU_004,12 X 800 ML,South,Bangalore CFA,30.45822963809514,13.1039264,17.35430323809514
SKU_004,12 X 800 ML,South,Hyderabad CFA,51.89213430828975,6.083776,45.80835830828975
SKU_004,12 X 800 ML,West,Bhiwandi CFA,28.834877809035653,18.37056,10.464317809035652
SKU_004,12 X 800 ML,West,Ahmedabad CFA,5.779868035100566,6.711936000000001,0
SKU_005,1 X 7.5 LT,East,Kolkata CFA,2.749401613465107,1.2000000000000002,1.5494016134651067
SKU_005,1 X 7.5 LT,East,Guwahati CFA,1.3704289619659544,1.17,0.2004289619659545
SKU_005,1 X 7.5 LT,East,Kanpur CFA,18.90541524546781,26.904000000000003,0
SKU_005,1 X 7.5 LT,East,Jamshedpur CFA,2.0826235151590313,1.368,0.7146235151590312
SKU_005,1 X 7.5 LT,North,Rajpura CFA,1.886856677212112,1.974,0
SKU_005,1 X 7.5 LT,North,Haryana CFA,2.5336522067628513,7.050000000000001,0
SKU_005,1 X 7.5 LT,South,Bangalore CFA,5.11692746914396,0.252,4.86492746914396
SKU_005,1 X 7.5 LT,South,Hyderabad CFA,6.810275121569733,1.218,5.592275121569733
SKU_005,1 X 7.5 LT,West,Bhiwandi CFA,0.8150722143934142,3.66,0
SKU_005,1 X 7.5 LT,West,Ahmedabad CFA,2.332911886773248,2.988,0
SKU_006,1 X 210 LT,East,Kolkata CFA,20.92890515174294,0.504,20.424905151742937
SKU_006,1 X 210 LT,East,Guwahati CFA,11.62716952874607,11.592,0.035169528746068934
SKU_006,1 X 210 LT,East,Kanpur CFA,13.9526034344953,0.336,13.6166034344953
SKU_006,1 X 210 LT,East,Jamshedpur CFA,0.7751446352497388,0,0.7751446352497388
SKU_006,1 X 210 LT,North,Rajpura CFA,20.506365697258396,9.744,10.762365697258396
SKU_006,1 X 210 LT,North,Haryana CFA,94.73268612274444,6.048000000000001,88.68468612274444
SKU_006,1 X 210 LT,South,Bangalore CFA,38.269415089305376,1.176,37.093415089305374
SKU_006,1 X 210 LT,South,Hyderabad CFA,36.014688404107424,0,36.014688404107424
SKU_006,1 X 210 LT,West,Bhiwandi CFA,42.47912334060828,1.176,41.30312334060828
SKU_006,1 X 210 LT,West,Ahmedabad CFA,23.560106615638972,1.512,22.04810661563897
SKU_007,4 X 3.5 LT,East,Kolkata CFA,16.603847861164343,2.0832,14.520647861164344
SKU_007,4 X 3.5 LT,East,Guwahati CFA,1.715897406090112,1.3440000000000003,0.3718974060901117
SKU_007,4 X 3.5 LT,East,Kanpur CFA,38.16352233965875,23.693600000000004,14.469922339658744
SKU_007,4 X 3.5 LT,East,Jamshedpur CFA,4.109443635499059,1.4420000000000002,2.667443635499059
SKU_007,4 X 3.5 LT,North,Rajpura CFA,14.30884661188277,3.08,11.22884661188277
SKU_007,4 X 3.5 LT,North,Haryana CFA,74.15287681587796,26.1716,47.98127681587796
SKU_007,4 X 3.5 LT,South,Bangalore CFA,13.826362764181509,6.9664,6.859962764181509
SKU_007,4 X 3.5 LT,South,Hyderabad CFA,12.300124526394264,0.8204000000000001,11.479724526394264
SKU_007,4 X 3.5 LT,West,Bhiwandi CFA,32.081752178165964,7.750400000000001,24.331352178165965
SKU_007,4 X 3.5 LT,West,Ahmedabad CFA,2.8202578225268766,2.8672000000000004,0
SKU_008,20 X 1 LT,East,Kolkata CFA,5.639898353461429,0.3296,5.3102983534614285
SKU_008,20 X 1 LT,East,Guwahati CFA,4.660129662135137,0.7200000000000001,3.940129662135137
SKU_008,20 X 1 LT,East,Kanpur CFA,50.463048072013436,5.74,44.723048072013434
SKU_008,20 X 1 LT,East,Jamshedpur CFA,1.7164270858019675,0.46399999999999997,1.2524270858019675
SKU_008,20 X 1 LT,North,Rajpura CFA,13.149811783333929,2.256,10.893811783333929
SKU_008,20 X 1 LT,North,Haryana CFA,53.21242014233052,13.084800000000001,40.12762014233052
SKU_008,20 X 1 LT,South,Bangalore CFA,21.677903501007492,7.077600000000001,14.600303501007492
SKU_008,20 X 1 LT,South,Hyderabad CFA,12.599702485492259,3.3472000000000004,9.252502485492258
SKU_008,20 X 1 LT,West,Bhiwandi CFA,56.54871253713298,8.656,47.89271253713298
SKU_008,20 X 1 LT,West,Ahmedabad CFA,11.714874203877542,4.224,7.490874203877542
SKU_009,4 X 3 LT,East,Kolkata CFA,21.952637604029036,3.7896,18.163037604029036
SKU_009,4 X 3 LT,East,Guwahati CFA,2.4679918473385554,1.9488,0.5191918473385553
SKU_009,4 X 3 LT,East,Kanpur CFA,40.21441601023079,14.488799999999998,25.725616010230794
SKU_009,4 X 3 LT,East,Jamshedpur CFA,5.294192227985154,2.3568000000000002,2.937392227985154
SKU_009,4 X 3 LT,North,Rajpura CFA,5.89871598473378,1.3152,4.58351598473378
SKU_009,4 X 3 LT,North,Haryana CFA,4.299153989466963,5.7144,0
SKU_009,4 X 3 LT,South,Bangalore CFA,34.40261878915742,9.1944,25.20821878915742
SKU_009,4 X 3 LT,South,Hyderabad CFA,51.7114618072368,10.3152,41.3962618072368
SKU_009,4 X 3 LT,West,Bhiwandi CFA,21.280079345251202,7.248000000000001,14.032079345251201
SKU_009,4 X 3 LT,West,Ahmedabad CFA,2.571125483957635,1.0656,1.505525483957635
SKU_010,1 X 8.5 LT,East,Kolkata CFA,3.242555011783835,1.4892,1.753355011783835
SKU_010,1 X 8.5 LT,East,Guwahati CFA,1.3202248668142196,2.482,0
SKU_010,1 X 8.5 LT,East,Kanpur CFA,10.093245013798356,9.0916,1.0016450137983561
SKU_010,1 X 8.5 LT,East,Jamshedpur CFA,1.0450281302712008,1.7476,0
SKU_010,1 X 8.5 LT,North,Rajpura CFA,0.9536965771668993,1.6456,0
SKU_010,1 X 8.5 LT,North,Haryana CFA,0.7402634428022948,4.2364,0
SKU_010,1 X 8.5 LT,South,Bangalore CFA,1.3790581784875031,0.7208000000000001,0.658258178487503
SKU_010,1 X 8.5 LT,South,Hyderabad CFA,0.7850605542830094,1.2104,0
SKU_010,1 X 8.5 LT,West,Bhiwandi CFA,0.4810207677347288,0.30600000000000005,0.17502076773472874
SKU_010,1 X 8.5 LT,West,Ahmedabad CFA,0.7956649405117985,3.2572000000000005,0
SKU_011,20 X 900 ML,East,Kolkata CFA,43.78524814773371,5.441040000000001,38.34420814773371
SKU_011,20 X 900 ML,East,Guwahati CFA,6.868164843650288,4.52016,2.348004843650288
SKU_011,20 X 900 ML,East,Kanpur CFA,8.904867942375116,8.96832,0
SKU_011,20 X 900 ML,East,Jamshedpur CFA,8.92128993577648,4.9370400000000005,3.9842499357764796
SKU_011,20 X 900 ML,North,Rajpura CFA,3.211218454489444,1.8864,1.324818454489444
SKU_011,20 X 900 ML,North,Haryana CFA,17.507180961442028,10.0152,7.491980961442028
SKU_011,20 X 900 ML,South,Bangalore CFA,8.547139190828634,6.01848,2.528659190828634
SKU_011,20 X 900 ML,South,Hyderabad CFA,33.731747968387054,22.60368,11.128067968387054
SKU_011,20 X 900 ML,West,Bhiwandi CFA,25.584957561459362,5.616,19.968957561459362
SKU_011,20 X 900 ML,West,Ahmedabad CFA,2.728056395611244,1.1952,1.5328563956112438
SKU_012,1 X 15 LT,East,Kolkata CFA,28.115769884324664,4.188000000000001,23.92776988432466
SKU_012,1 X 15 LT,East,Guwahati CFA,7.008274993455867,3.0600000000000005,3.9482749934558665
SKU_012,1 X 15 LT,East,Kanpur CFA,28.24751159710803,8.604000000000001,19.64351159710803
SKU_012,1 X 15 LT,East,Jamshedpur CFA,16.787325374354896,5.112,11.675325374354896
SKU_012,1 X 15 LT,North,Rajpura CFA,15.317904298167605,6.300000000000001,9.017904298167604
SKU_012,1 X 15 LT,North,Haryana CFA,13.80540740079718,8.76,5.045407400797179
SKU_012,1 X 15 LT,South,Bangalore CFA,5.848822897696478,1.524,4.324822897696478
SKU_012,1 X 15 LT,South,Hyderabad CFA,5.512541664693811,1.8239999999999998,3.688541664693811
SKU_012,1 X 15 LT,West,Bhiwandi CFA,13.498580593987098,2.124,11.374580593987098
SKU_012,1 X 15 LT,West,Ahmedabad CFA,5.422314990139074,1.8840000000000001,3.5383149901390736
SKU_013,1 X 15 LT,East,Kolkata CFA,15.788928827774292,5.892,9.896928827774293
SKU_013,1 X 15 LT,East,Guwahati CFA,4.033577911470464,5.928000000000001,0
SKU_013,1 X 15 LT,East,Kanpur CFA,0,0.7440000000000001,0
SKU_013,1 X 15 LT,East,Jamshedpur CFA,0.7647762400953173,0.46799999999999997,0.29677624009531733
SKU_013,1 X 15 LT,North,Rajpura CFA,0,0.06,0
SKU_013,1 X 15 LT,North,Haryana CFA,0,0.6240000000000001,0
SKU_013,1 X 15 LT,South,Bangalore CFA,13.645861790443318,7.475999999999999,6.169861790443319
SKU_013,1 X 15 LT,South,Hyderabad CFA,13.12208467942719,9.924,3.1980846794271898
SKU_013,1 X 15 LT,West,Bhiwandi CFA,25.049751030006504,13.524000000000001,11.525751030006504
SKU_013,1 X 15 LT,West,Ahmedabad CFA,0,0.5519999999999999,0
SKU_014,1 X 7.5 LT,East,Kolkata CFA,19.652989462681663,3.2880000000000003,16.364989462681663
SKU_014,1 X 7.5 LT,East,Guwahati CFA,4.310613945154938,2.2920000000000003,2.018613945154938
SKU_014,1 X 7.5 LT,East,Kanpur CFA,41.554170649115726,17.196,24.358170649115724
SKU_014,1 X 7.5 LT,East,Jamshedpur CFA,4.816804705092789,2.5860000000000003,2.2308047050927886
SKU_014,1 X 7.5 LT,North,Rajpura CFA,8.204446614512818,3.414,4.790446614512819
SKU_014,1 X 7.5 LT,North,Haryana CFA,7.138093637242585,3.2700000000000005,3.868093637242585
SKU_014,1 X 7.5 LT,South,Bangalore CFA,14.547825035487357,2.808,11.739825035487357
SKU_014,1 X 7.5 LT,South,Hyderabad CFA,4.394617097316047,1.6500000000000001,2.7446170973160466
SKU_014,1 X 7.5 LT,West,Bhiwandi CFA,8.200798413437465,3.12,5.080798413437464
SKU_014,1 X 7.5 LT,West,Ahmedabad CFA,3.7721548142637857,0.672,3.1001548142637856
SKU_015,20 X 1 LT,East,Kolkata CFA,20.26979769249226,0.24,20.029797692492263
SKU_015,20 X 1 LT,East,Guwahati CFA,2.350744075406126,1.6800000000000002,0.6707440754061258
SKU_015,20 X 1 LT,East,Kanpur CFA,13.491885607574126,9.342400000000001,4.149485607574125
SKU_015,20 X 1 LT,East,Jamshedpur CFA,2.167142256657369,0.5592,1.6079422566573687
SKU_015,20 X 1 LT,North,Rajpura CFA,6.380172259339677,3.168,3.2121722593396766
SKU_015,20 X 1 LT,North,Haryana CFA,6.839783578724132,8.1008,0
SKU_015,20 X 1 LT,South,Bangalore CFA,23.332751384988196,11.2232,12.109551384988196
SKU_015,20 X 1 LT,South,Hyderabad CFA,14.827336260259399,4.0168,10.810536260259399
SKU_015,20 X 1 LT,West,Bhiwandi CFA,18.186995903644057,0.656,17.530995903644058
SKU_015,20 X 1 LT,West,Ahmedabad CFA,3.996827179582772,0.768,3.2288271795827717
SKU_016,1 X 10 LT,East,Kolkata CFA,5.7435812546089045,0.784,4.959581254608905
SKU_016,1 X 10 LT,East,Guwahati CFA,0.7035979615575061,0.32000000000000006,0.38359796155750603
SKU_016,1 X 10 LT,East,Kanpur CFA,14.436315074730906,9.496,4.940315074730906
SKU_016,1 X 10 LT,East,Jamshedpur CFA,0.8300339862283658,0,0.8300339862283658
SKU_016,1 X 10 LT,North,Rajpura CFA,1.2888550659289546,0.168,1.1208550659289547
SKU_016,1 X 10 LT,North,Haryana CFA,1.1086247984839446,1.7440000000000002,0
SKU_016,1 X 10 LT,South,Bangalore CFA,4.330475950023454,0.7440000000000001,3.586475950023454
SKU_016,1 X 10 LT,South,Hyderabad CFA,5.033067167997237,0.048,4.985067167997237
SKU_016,1 X 10 LT,West,Bhiwandi CFA,0.5434924383770937,0,0.5434924383770937
SKU_016,1 X 10 LT,West,Ahmedabad CFA,0.48978677480532706,0.23199999999999998,0.2577867748053271
SKU_017,1 X 20 LT,East,Kolkata CFA,31.29003864045895,5.056000000000001,26.234038640458948
SKU_017,1 X 20 LT,East,Guwahati CFA,21.923585549399096,20.416000000000004,1.5075855493990922
SKU_017,1 X 20 LT,East,Jamshedpur CFA,0.9374676491490987,0.5599999999999999,0.3774676491490988
SKU_017,1 X 20 LT,North,Haryana CFA,0,0,0
SKU_017,1 X 20 LT,South,Bangalore CFA,29.103798076646996,18.272000000000002,10.831798076646994
SKU_017,1 X 20 LT,South,Hyderabad CFA,27.958645279533222,15.600000000000001,12.35864527953322
SKU_017,1 X 20 LT,West,Bhiwandi CFA,42.2275095777035,10.336,31.891509577703502
SKU_018,4 X 3.5 LT,East,Kolkata CFA,12.812795948782492,0.019600000000000003,12.793195948782492
SKU_018,4 X 3.5 LT,East,Guwahati CFA,7.069544342860734,4.5304,2.539144342860734
SKU_018,4 X 3.5 LT,East,Kanpur CFA,16.409016855596274,0.0952,16.313816855596276
SKU_018,4 X 3.5 LT,East,Jamshedpur CFA,1.1841646269676986,0.022400000000000003,1.1617646269676987
SKU_018,4 X 3.5 LT,North,Rajpura CFA,6.165293008820661,2.7775999999999996,3.387693008820661
SKU_018,4 X 3.5 LT,North,Haryana CFA,6.546131181758236,0.504,6.042131181758236
SKU_018,4 X 3.5 LT,South,Bangalore CFA,5.295830156263384,0.8372,4.458630156263384
SKU_018,4 X 3.5 LT,South,Hyderabad CFA,16.989342491809747,0.168,16.821342491809748
SKU_018,4 X 3.5 LT,West,Bhiwandi CFA,8.5658488187714,2.0048000000000004,6.5610488187714
SKU_018,4 X 3.5 LT,West,Ahmedabad CFA,4.610958116324384,0.4704,4.140558116324384
SKU_019,1 X 210 LT,East,Kolkata CFA,5.69211325787753,6.384,0
SKU_019,1 X 210 LT,East,Guwahati CFA,3.471920214681167,3.024,0.44792021468116694
SKU_019,1 X 210 LT,East,Kanpur CFA,5.267741015378322,2.52,2.7477410153783217
SKU_019,1 X 210 LT,East,Jamshedpur CFA,1.8556814940537265,3.3600000000000003,0
SKU_019,1 X 210 LT,North,Rajpura CFA,5.739864824714072,1.6800000000000002,4.059864824714072
SKU_019,1 X 210 LT,North,Haryana CFA,14.575171774457752,8.4,6.175171774457752
SKU_019,1 X 210 LT,South,Bangalore CFA,9.379312954633136,0.504,8.875312954633136
SKU_019,1 X 210 LT,South,Hyderabad CFA,4.923032146577834,1.512,3.4110321465778344
SKU_019,1 X 210 LT,West,Bhiwandi CFA,5.843799297360493,2.184,3.659799297360493
SKU_019,1 X 210 LT,West,Ahmedabad CFA,4.414480171045041,0.504,3.9104801710450414
SKU_020,1 X 210 LT,East,Kolkata CFA,4.805419646217536,0.672,4.133419646217536
SKU_020,1 X 210 LT,East,Guwahati CFA,1.8968761761385016,1.176,0.7208761761385016
SKU_020,1 X 210 LT,East,Kanpur CFA,7.271358675197587,0,7.271358675197587
SKU_020,1 X 210 LT,East,Jamshedpur CFA,5.121565675573953,1.008,4.113565675573953
SKU_020,1 X 210 LT,North,Rajpura CFA,7.1413642505607235,4.704,2.437364250560724
SKU_020,1 X 210 LT,North,Haryana CFA,16.087691920789812,14.952000000000002,1.1356919207898102
SKU_020,1 X 210 LT,South,Bangalore CFA,16.556249062778207,12.768,3.788249062778206
SKU_020,1 X 210 LT,South,Hyderabad CFA,19.709820312831198,4.032,15.677820312831198
SKU_020,1 X 210 LT,West,Bhiwandi CFA,25.198149632345306,12.432,12.766149632345305
SKU_020,1 X 210 LT,West,Ahmedabad CFA,14.10051896525023,3.3600000000000003,10.740518965250228
SKU_021,20 X 1 LT,East,Kolkata CFA,17.22289258369133,3.1512000000000002,14.07169258369133
SKU_021,20 X 1 LT,East,Guwahati CFA,1.2053666892525137,0.8480000000000001,0.3573666892525136
SKU_021,20 X 1 LT,East,Kanpur CFA,5.033302772909402,3.1216,1.9117027729094023
SKU_021,20 X 1 LT,East,Jamshedpur CFA,2.047883781572654,1.8904,0.15748378157265375
SKU_021,20 X 1 LT,North,Rajpura CFA,1.3290047794683226,1.1808,0.14820477946832256
SKU_021,20 X 1 LT,North,Haryana CFA,7.454148296201599,4.888000000000001,2.5661482962015985
SKU_021,20 X 1 LT,South,Bangalore CFA,21.938765128424322,14.1128,7.825965128424322
SKU_021,20 X 1 LT,South,Hyderabad CFA,27.869597366514327,17.2928,10.576797366514327
SKU_021,20 X 1 LT,West,Bhiwandi CFA,35.39020105863025,12.624,22.766201058630244
SKU_021,20 X 1 LT,West,Ahmedabad CFA,1.1313581290039212,0.8160000000000001,0.31535812900392113
SKU_022,1 X 210 LT,East,Kolkata CFA,9.297118321199964,0,9.297118321199964
SKU_022,1 X 210 LT,East,Kanpur CFA,0.37400918500576186,0,0.37400918500576186
SKU_022,1 X 210 LT,East,Jamshedpur CFA,8.924679400713217,0,8.924679400713217
SKU_022,1 X 210 LT,North,Rajpura CFA,7.441092375197778,2.688,4.753092375197777
SKU_022,1 X 210 LT,North,Haryana CFA,20.244351659211084,3.696,16.548351659211082
SKU_022,1 X 210 LT,South,Bangalore CFA,14.0616835404225,1.344,12.7176835404225
SKU_022,1 X 210 LT,South,Hyderabad CFA,0.5222437846766863,0.168,0.35424378467668627
SKU_022,1 X 210 LT,West,Bhiwandi CFA,19.32632652591684,7.56,11.766326525916842
SKU_022,1 X 210 LT,West,Ahmedabad CFA,4.678195252482188,9.072000000000001,0
SKU_023,1 X 20 LT,East,Kolkata CFA,22.21140456448873,8.064,14.147404564488731
SKU_023,1 X 20 LT,East,Guwahati CFA,26.841179007216297,25.424,1.4171790072162977
SKU_023,1 X 20 LT,East,Jamshedpur CFA,0.032893601724529785,0.08000000000000002,0
SKU_023,1 X 20 LT,South,Bangalore CFA,24.44510828838872,15.632,8.81310828838872
SKU_023,1 X 20 LT,South,Hyderabad CFA,23.234889991438944,16.48,6.754889991438944
SKU_023,1 X 20 LT,West,Bhiwandi CFA,29.396111787085864,12.816,16.580111787085862
SKU_024,1 X 15 LT,East,Kolkata CFA,33.57614396031377,8.064,25.51214396031377
SKU_024,1 X 15 LT,East,Guwahati CFA,32.76202731763166,20.724,12.038027317631663
SKU_024,1 X 15 LT,East,Jamshedpur CFA,0.2096967109938774,0.336,0
SKU_024,1 X 15 LT,South,Bangalore CFA,49.69214886225625,37.379999999999995,12.312148862256258
SKU_024,1 X 15 LT,South,Hyderabad CFA,47.8768214168316,12.648000000000001,35.2288214168316
SKU_024,1 X 15 LT,West,Bhiwandi CFA,54.91878289946888,24.204000000000004,30.714782899468876
SKU_025,1 X 7.5 LT,East,Kolkata CFA,12.531158369196772,1.176,11.355158369196772
SKU_025,1 X 7.5 LT,East,Guwahati CFA,3.7374799860458126,1.6620000000000001,2.0754799860458126
SKU_025,1 X 7.5 LT,East,Kanpur CFA,12.638228357465653,3.516,9.122228357465653
SKU_025,1 X 7.5 LT,East,Jamshedpur CFA,5.5762188018707075,2.286,3.2902188018707075
SKU_025,1 X 7.5 LT,North,Rajpura CFA,5.741875908469819,3.12,2.6218759084698187
SKU_025,1 X 7.5 LT,North,Haryana CFA,5.958900912196522,1.83,4.128900912196522
SKU_025,1 X 7.5 LT,South,Bangalore CFA,14.378015263449539,3.354,11.024015263449538
SKU_025,1 X 7.5 LT,South,Hyderabad CFA,10.270867962970302,2.568,7.702867962970302
SKU_025,1 X 7.5 LT,West,Bhiwandi CFA,14.787417979934512,2.454,12.333417979934511
SKU_025,1 X 7.5 LT,West,Ahmedabad CFA,2.841275107575977,0.8340000000000001,2.007275107575977
SKU_026,1 X 180 KG,East,Kolkata CFA,3.2526361473585874,2.16,1.0926361473585873
SKU_026,1 X 180 KG,East,Guwahati CFA,4.156042424470559,2.4480000000000004,1.708042424470559
SKU_026,1 X 180 KG,East,Kanpur CFA,2.059558560813057,3.888,0
SKU_026,1 X 180 KG,East,Jamshedpur CFA,4.1560424244705585,2.1599999999999997,1.9960424244705588
SKU_026,1 X 180 KG,North,Rajpura CFA,0.71807994420102,0.72,0
SKU_026,1 X 180 KG,North,Haryana CFA,1.0495014569091832,3.3120000000000007,0
SKU_026,1 X 180 KG,South,Bangalore CFA,15.974736965426036,19.296,0
SKU_026,1 X 180 KG,South,Hyderabad CFA,11.066057682249301,5.904,5.162057682249301
SKU_026,1 X 180 KG,West,Bhiwandi CFA,4.023323700192949,2.8800000000000003,1.143323700192949
SKU_026,1 X 180 KG,West,Ahmedabad CFA,2.276845303151011,1.584,0.6928453031510111
SKU_027,20 X 700 ML,East,Kolkata CFA,8.394296844729775,0.0028000000000000004,8.391496844729774
SKU_027,20 X 700 ML,East,Guwahati CFA,1.3133706730965293,0.9744,0.3389706730965293
SKU_027,20 X 700 ML,East,Kanpur CFA,0.8142596595546796,0.8847999999999999,0
SKU_027,20 X 700 ML,East,Jamshedpur CFA,1.9489455740267099,0.49224,1.4567055740267099
SKU_027,20 X 700 ML,North,Rajpura CFA,0.5322158821301123,0.1904,0.34181588213011227
SKU_027,20 X 700 ML,North,Haryana CFA,5.638287052040063,3.64,1.9982870520400629
SKU_027,20 X 700 ML,South,Bangalore CFA,17.27913295791448,4.9694400000000005,12.30969295791448
SKU_027,20 X 700 ML,South,Hyderabad CFA,26.0598735817279,3.3213600000000003,22.7385135817279
SKU_027,20 X 700 ML,West,Bhiwandi CFA,20.683497412139843,2.408,18.275497412139842
SKU_027,20 X 700 ML,West,Ahmedabad CFA,7.556906430952577,1.3888,6.1681064309525775
SKU_028,1 X 50 LT,East,Kolkata CFA,27.404481936748876,8.56,18.844481936748878
SKU_028,1 X 50 LT,East,Guwahati CFA,20.250123561663642,15.719999999999999,4.530123561663643
SKU_028,1 X 50 LT,East,Jamshedpur CFA,0.7401060388019198,0.24,0.5001060388019198
SKU_028,1 X 50 LT,South,Bangalore CFA,16.054912084535314,13.8,2.254912084535313
SKU_028,1 X 50 LT,South,Hyderabad CFA,15.61571996064225,11.72,3.89571996064225
SKU_028,1 X 50 LT,West,Bhiwandi CFA,27.924804864136714,14.440000000000001,13.484804864136713
SKU_029,4 X 3.5 LT,East,Kolkata CFA,9.450413552293645,1.8228000000000002,7.627613552293645
SKU_029,4 X 3.5 LT,East,Guwahati CFA,3.5700793185097583,1.6436000000000002,1.9264793185097582
SKU_029,4 X 3.5 LT,East,Kanpur CFA,11.649016927315074,5.5132,6.135816927315074
SKU_029,4 X 3.5 LT,East,Jamshedpur CFA,4.121540916263085,2.4388,1.6827409162630853
SKU_029,4 X 3.5 LT,North,Rajpura CFA,10.996626208140844,3.8108000000000004,7.185826208140844
SKU_029,4 X 3.5 LT,North,Haryana CFA,6.10830626871091,7.2128000000000005,0
SKU_029,4 X 3.5 LT,South,Bangalore CFA,11.244732816063701,3.486,7.7587328160637
SKU_029,4 X 3.5 LT,South,Hyderabad CFA,6.280556929731377,3.1052,3.175356929731377
SKU_029,4 X 3.5 LT,West,Bhiwandi CFA,15.949310552225592,5.9696,9.979710552225592
SKU_029,4 X 3.5 LT,West,Ahmedabad CFA,4.7211456822433036,1.5792000000000002,3.1419456822433034
SKU_030,20 X 1 LT,East,Kolkata CFA,3.854089481444669,0.7032,3.1508894814446693
SKU_030,20 X 1 LT,East,Guwahati CFA,0.9063459450051994,0,0.9063459450051994
SKU_030,20 X 1 LT,East,Kanpur CFA,6.191027041803252,2.3096,3.8814270418032515
SKU_030,20 X 1 LT,East,Jamshedpur CFA,0.8256462312336931,0.23199999999999998,0.5936462312336931
SKU_030,20 X 1 LT,North,Rajpura CFA,11.67306231164499,3.3280000000000003,8.345062311644991
SKU_030,20 X 1 LT,North,Haryana CFA,4.574017250438072,3.6144,0.9596172504380718
SKU_030,20 X 1 LT,South,Bangalore CFA,10.103767684998509,0.9568,9.14696768499851
SKU_030,20 X 1 LT,South,Hyderabad CFA,16.831357202299387,1.984,14.847357202299387
SKU_030,20 X 1 LT,West,Bhiwandi CFA,10.697653732405394,1.2000000000000002,9.497653732405393
SKU_030,20 X 1 LT,West,Ahmedabad CFA,4.2708899550010235,0.512,3.7588899550010235
SKU_031,1 X 15 LT,East,Kolkata CFA,23.171486564823443,7.620000000000001,15.551486564823442
SKU_031,1 X 15 LT,East,Guwahati CFA,15.895832827794003,9.72,6.175832827794002
SKU_031,1 X 15 LT,East,Jamshedpur CFA,0.3268801671375146,0.44400000000000006,0
SKU_031,1 X 15 LT,South,Bangalore CFA,18.387510253656245,10.836,7.551510253656245
SKU_031,1 X 15 LT,South,Hyderabad CFA,16.552663158280787,5.136,11.416663158280787
SKU_031,1 X 15 LT,West,Bhiwandi CFA,30.334445283864643,9.168000000000001,21.16644528386464
SKU_032,10 X 1 LT,East,Kolkata CFA,10.767326312504608,3.4536000000000002,7.313726312504608
SKU_032,10 X 1 LT,East,Guwahati CFA,2.265204793193657,2.2,0.06520479319365702
SKU_032,10 X 1 LT,East,Kanpur CFA,10.919848957448657,6.916800000000001,4.003048957448656
SKU_032,10 X 1 LT,East,Jamshedpur CFA,1.2597681504648335,1.0864,0.17336815046483345
SKU_032,10 X 1 LT,North,Rajpura CFA,1.6110885509728252,2.056,0
SKU_032,10 X 1 LT,North,Haryana CFA,8.701412190574692,1.8552,6.8462121905746915
SKU_032,10 X 1 LT,South,Bangalore CFA,7.807683412806424,0.0704,7.737283412806423
SKU_032,10 X 1 LT,South,Hyderabad CFA,11.527534604741668,2.8456,8.681934604741667
SKU_032,10 X 1 LT,West,Bhiwandi CFA,4.075638471854703,1.904,2.1716384718547035
SKU_032,10 X 1 LT,West,Ahmedabad CFA,0.7982193916319265,0,0.7982193916319265
SKU_033,1 X 210 LT,East,Kolkata CFA,10.475621337400073,7.896,2.5796213374000727
SKU_033,1 X 210 LT,East,Guwahati CFA,4.429691308386316,2.856,1.5736913083863158
SKU_033,1 X 210 LT,East,Kanpur CFA,3.1726167478983065,3.3600000000000003,0
SKU_033,1 X 210 LT,East,Jamshedpur CFA,11.193949657678935,4.5360000000000005,6.657949657678935
SKU_033,1 X 210 LT,North,Rajpura CFA,1.2244183663940464,1.512,0
SKU_033,1 X 210 LT,North,Haryana CFA,8.119827061349993,4.2,3.9198270613499924
SKU_033,1 X 210 LT,South,Bangalore CFA,8.082837363159197,13.272,0
SKU_033,1 X 210 LT,South,Hyderabad CFA,6.17890769417422,2.352,3.82690769417422
SKU_033,1 X 210 LT,West,Bhiwandi CFA,6.593780508649558,1.848,4.745780508649558
SKU_033,1 X 210 LT,West,Ahmedabad CFA,6.25850353363348,2.184,4.07450353363348
SKU_034,20 X 1 LT,East,Kolkata CFA,0.9037475281399729,0.544,0.3597475281399729
SKU_034,20 X 1 LT,East,Guwahati CFA,0.7212143616476303,0.6696,0.051614361647630336
SKU_034,20 X 1 LT,East,Kanpur CFA,3.8272472061201257,1.1480000000000001,2.6792472061201256
SKU_034,20 X 1 LT,East,Jamshedpur CFA,0.29471761231856136,0.15200000000000002,0.14271761231856134
SKU_034,20 X 1 LT,North,Rajpura CFA,0.3167637557091507,0,0.3167637557091507
SKU_034,20 X 1 LT,North,Haryana CFA,1.1814604976975578,0.2792,0.9022604976975578
SKU_034,20 X 1 LT,South,Bangalore CFA,3.8907085070005687,1.2000000000000002,2.6907085070005685
SKU_034,20 X 1 LT,South,Hyderabad CFA,9.08967702007195,2.5128000000000004,6.576877020071949
SKU_034,20 X 1 LT,West,Bhiwandi CFA,0.47793602094279675,0.784,0
SKU_034,20 X 1 LT,West,Ahmedabad CFA,0.3096508776102731,0.192,0.1176508776102731
SKU_035,1 X 210 LT,East,Kolkata CFA,1.6099999999999999,1.848,0
SKU_035,1 X 210 LT,East,Guwahati CFA,1.9754028807668704,2.6880000000000006,0
SKU_035,1 X 210 LT,East,Kanpur CFA,1.376795947201152,4.5360000000000005,0
SKU_035,1 X 210 LT,East,Jamshedpur CFA,3.112756054541736,0.8400000000000001,2.272756054541736
SKU_035,1 X 210 LT,North,Rajpura CFA,2.255507517041665,1.344,0.9115075170416651
SKU_035,1 X 210 LT,North,Haryana CFA,11.442237708662907,5.5440000000000005,5.898237708662906
SKU_035,1 X 210 LT,South,Bangalore CFA,4.538356708200997,8.232,0
SKU_035,1 X 210 LT,South,Hyderabad CFA,5.312639040685693,7.896000000000001,0
SKU_035,1 X 210 LT,West,Bhiwandi CFA,10.78412640499273,8.736,2.048126404992729
SKU_035,1 X 210 LT,West,Ahmedabad CFA,4.074646698559969,8.736,0
SKU_036,1 X 20 LT,East,Kolkata CFA,5.907329215698084,4.032,1.875329215698084
SKU_036,1 X 20 LT,East,Guwahati CFA,0.3533011520726462,0.6080000000000001,0
SKU_036,1 X 20 LT,East,Kanpur CFA,3.8622580534040596,4.736,0
SKU_036,1 X 20 LT,East,Jamshedpur CFA,3.3153378251366803,1.8079999999999998,1.5073378251366805
SKU_036,1 X 20 LT,North,Rajpura CFA,2.6319428495103927,1.968,0.6639428495103927
SKU_036,1 X 20 LT,North,Haryana CFA,1.9712178977928714,0.9120000000000001,1.0592178977928712
SKU_036,1 X 20 LT,South,Bangalore CFA,4.271425996909547,1.568,2.7034259969095467
SKU_036,1 X 20 LT,South,Hyderabad CFA,10.661514298296218,2.704,7.957514298296218
SKU_036,1 X 20 LT,West,Bhiwandi CFA,6.170839683705114,0.43200000000000005,5.738839683705113
SKU_036,1 X 20 LT,West,Ahmedabad CFA,1.2213561679013263,0.752,0.4693561679013263
SKU_037,1 X 7.5 LT,East,Kolkata CFA,8.310900599720073,0.8880000000000001,7.422900599720073
SKU_037,1 X 7.5 LT,East,Guwahati CFA,1.7439266832199494,0.16200000000000003,1.5819266832199492
SKU_037,1 X 7.5 LT,East,Kanpur CFA,6.288775467361098,2.664,3.6247754673610975
SKU_037,1 X 7.5 LT,East,Jamshedpur CFA,3.2501828028413473,1.254,1.9961828028413473
SKU_037,1 X 7.5 LT,North,Rajpura CFA,4.317860134153763,1.524,2.793860134153763
SKU_037,1 X 7.5 LT,North,Haryana CFA,4.366509680853946,1.968,2.3985096808539463
SKU_037,1 X 7.5 LT,South,Bangalore CFA,4.94947473576615,2.004,2.9454747357661497
SKU_037,1 X 7.5 LT,South,Hyderabad CFA,5.067529167067594,1.32,3.7475291670675936
SKU_037,1 X 7.5 LT,West,Bhiwandi CFA,14.750017629040705,0.8039999999999999,13.946017629040705
SKU_037,1 X 7.5 LT,West,Ahmedabad CFA,5.0383634466843485,0.40199999999999997,4.636363446684348
SKU_038,4 X 3 LT,East,Kolkata CFA,10.92921274494336,2.172,8.75721274494336
SKU_038,4 X 3 LT,East,Guwahati CFA,2.0182318177680876,0.72,1.2982318177680876
SKU_038,4 X 3 LT,East,Kanpur CFA,8.113411898767776,2.7864000000000004,5.3270118987677755
SKU_038,4 X 3 LT,East,Jamshedpur CFA,4.801248149739924,1.2480000000000002,3.5532481497399235
SKU_038,4 X 3 LT,North,Rajpura CFA,5.97315232107188,4.464,1.5091523210718796
SKU_038,4 X 3 LT,North,Haryana CFA,4.285069721525236,3.636,0.6490697215252359
SKU_038,4 X 3 LT,South,Bangalore CFA,5.0021243894499685,3.1608,1.8413243894499685
SKU_038,4 X 3 LT,South,Hyderabad CFA,9.263414067591961,3.7488,5.514614067591961
SKU_038,4 X 3 LT,West,Bhiwandi CFA,11.25896895018417,3.0912,8.16776895018417
SKU_038,4 X 3 LT,West,Ahmedabad CFA,2.9025864078694386,1.9296,0.9729864078694386
SKU_039,20 X 1 LT,East,Kolkata CFA,13.960698260600816,1.136,12.824698260600817
SKU_039,20 X 1 LT,East,Guwahati CFA,2.792502970179168,0.752,2.040502970179168
SKU_039,20 X 1 LT,East,Kanpur CFA,6.344664948967188,1.8503999999999998,4.494264948967189
SKU_039,20 X 1 LT,East,Jamshedpur CFA,3.969653481352633,1.168,2.8016534813526333
SKU_039,20 X 1 LT,North,Rajpura CFA,6.861859469071378,1.4240000000000002,5.437859469071378
SKU_039,20 X 1 LT,North,Haryana CFA,1.9550409142307672,0.784,1.1710409142307672
SKU_039,20 X 1 LT,South,Bangalore CFA,6.544686117866866,0.512,6.0326861178668665
SKU_039,20 X 1 LT,South,Hyderabad CFA,9.03124371975012,0.08080000000000001,8.95044371975012
SKU_039,20 X 1 LT,West,Bhiwandi CFA,13.754711621261993,0,13.754711621261993
SKU_039,20 X 1 LT,West,Ahmedabad CFA,3.076747026370262,1.056,2.020747026370262
SKU_040,1 X 210 LT,East,Kolkata CFA,0,0,0
SKU_040,1 X 210 LT,East,Kanpur CFA,0,0.504,0
SKU_040,1 X 210 LT,East,Jamshedpur CFA,2.9748931335710727,0,2.9748931335710727
SKU_040,1 X 210 LT,North,Rajpura CFA,0.5119643670124072,0.336,0.1759643670124072
SKU_040,1 X 210 LT,North,Haryana CFA,15.347963595878088,5.04,10.307963595878089
SKU_040,1 X 210 LT,South,Bangalore CFA,13.085814889439462,7.392,5.693814889439461
SKU_040,1 X 210 LT,South,Hyderabad CFA,3.2255308461305994,0.168,3.0575308461305992
SKU_040,1 X 210 LT,West,Bhiwandi CFA,17.414931594782207,7.56,9.854931594782208
SKU_040,1 X 210 LT,West,Ahmedabad CFA,17.49601357858614,10.416,7.08001357858614
SKU_041,1 X 210 LT,East,Kolkata CFA,6.635838144023198,2.016,4.619838144023198
SKU_041,1 X 210 LT,East,Guwahati CFA,3.9471795856689713,5.208,0
SKU_041,1 X 210 LT,East,Kanpur CFA,8.12318117630426,8.904000000000002,0
SKU_041,1 X 210 LT,East,Jamshedpur CFA,14.759019320327461,9.912,4.84701932032746
SKU_041,1 X 210 LT,North,Rajpura CFA,4.542568532718049,8.568000000000001,0
SKU_041,1 X 210 LT,North,Haryana CFA,8.740131860419536,6.720000000000001,2.0201318604195357
SKU_041,1 X 210 LT,South,Bangalore CFA,2.359481469986432,2.184,0.175481469986432
SKU_041,1 X 210 LT,South,Hyderabad CFA,2.7047714412039583,4.704,0
SKU_041,1 X 210 LT,West,Bhiwandi CFA,9.2706902833067,3.024,6.246690283306701
SKU_041,1 X 210 LT,West,Ahmedabad CFA,6.286289986625775,4.872,1.414289986625775
SKU_042,4 X 5 LT,East,Kolkata CFA,3.283105374058962,2.368,0.9151053740589621
SKU_042,4 X 5 LT,East,Guwahati CFA,0.2440457010170056,0.256,0
SKU_042,4 X 5 LT,East,Kanpur CFA,3.7063135471553665,4.132000000000001,0
SKU_042,4 X 5 LT,East,Jamshedpur CFA,2.1398998689518574,1.008,1.1318998689518573
SKU_042,4 X 5 LT,North,Rajpura CFA,3.5888393426923297,1.616,1.9728393426923296
SKU_042,4 X 5 LT,North,Haryana CFA,1.3402293990056116,0.6240000000000001,0.7162293990056114
SKU_042,4 X 5 LT,South,Bangalore CFA,4.977333176392088,0.916,4.061333176392088
SKU_042,4 X 5 LT,South,Hyderabad CFA,7.668189634399571,2.1,5.568189634399571
SKU_042,4 X 5 LT,West,Bhiwandi CFA,6.014305505356259,1.2000000000000002,4.814305505356259
SKU_042,4 X 5 LT,West,Ahmedabad CFA,1.5598960682732628,0.41600000000000004,1.1438960682732628
SKU_043,1 X 7.5 LT,East,Kolkata CFA,2.8978148269736943,0.39,2.507814826973694
SKU_043,1 X 7.5 LT,East,Guwahati CFA,0.6535659592209211,0.36,0.2935659592209211
SKU_043,1 X 7.5 LT,East,Kanpur CFA,9.813016478962062,6.93,2.8830164789620625
SKU_043,1 X 7.5 LT,East,Jamshedpur CFA,2.5277998578427834,0.7440000000000001,1.7837998578427832
SKU_043,1 X 7.5 LT,North,Rajpura CFA,4.191727798917628,2.85,1.3417277989176282
SKU_043,1 X 7.5 LT,North,Haryana CFA,3.631942186053918,4.920000000000001,0
SKU_043,1 X 7.5 LT,South,Bangalore CFA,3.522301906322596,2.5080000000000005,1.0143019063225958
SKU_043,1 X 7.5 LT,South,Hyderabad CFA,2.7000610827646407,2.2079999999999997,0.492061082764641
SKU_043,1 X 7.5 LT,West,Bhiwandi CFA,5.049449844113405,3.1620000000000004,1.8874498441134047
SKU_043,1 X 7.5 LT,West,Ahmedabad CFA,5.201800312453381,3.732,1.4698003124533807
SKU_044,1 X 8.5 LT,East,Kolkata CFA,0.3210081304280541,0.2584,0.06260813042805408
SKU_044,1 X 8.5 LT,East,Guwahati CFA,0.002955195677128232,0.027200000000000002,0
SKU_044,1 X 8.5 LT,East,Kanpur CFA,0.6793498438654795,2.1012,0
SKU_044,1 X 8.5 LT,East,Jamshedpur CFA,0.054301720567231274,0.1904,0
SKU_044,1 X 8.5 LT,North,Rajpura CFA,0.1903622612365725,0.054400000000000004,0.13596226123657248
SKU_044,1 X 8.5 LT,North,Haryana CFA,0.4547156743391698,1.6728000000000003,0
SKU_044,1 X 8.5 LT,South,Bangalore CFA,0.9916096901917227,0.8772000000000001,0.11440969019172265
SKU_044,1 X 8.5 LT,South,Hyderabad CFA,1.468397618533493,1.938,0
SKU_044,1 X 8.5 LT,West,Bhiwandi CFA,4.991886623367594,5.4672,0
SKU_044,1 X 8.5 LT,West,Ahmedabad CFA,0.7523513507443682,0.9588,0
SKU_045,1 X 210 LT,East,Kolkata CFA,0,0,0
SKU_045,1 X 210 LT,East,Jamshedpur CFA,0,0,0
SKU_045,1 X 210 LT,North,Haryana CFA,52.77119201461508,24.024,28.74719201461508
SKU_045,1 X 210 LT,West,Bhiwandi CFA,24.543210251186316,16.632,7.911210251186315
SKU_046,1 X 210 LT,East,Kolkata CFA,3.2613031461101167,0.672,2.5893031461101166
SKU_046,1 X 210 LT,East,Guwahati CFA,2.2541359980466993,0.672,1.5821359980466991
SKU_046,1 X 210 LT,East,Kanpur CFA,1.6086338344031277,1.5120000000000002,0.09663383440312745
SKU_046,1 X 210 LT,East,Jamshedpur CFA,0.5275637442236957,0.336,0.19156374422369565
SKU_046,1 X 210 LT,North,Rajpura CFA,4.706743441401743,2.352,2.354743441401743
SKU_046,1 X 210 LT,North,Haryana CFA,18.23118345656877,7.224,11.007183456568768
SKU_046,1 X 210 LT,South,Bangalore CFA,13.434952370791894,12.264000000000001,1.170952370791893
SKU_046,1 X 210 LT,South,Hyderabad CFA,9.588192503941215,4.5360000000000005,5.052192503941215
SKU_046,1 X 210 LT,West,Bhiwandi CFA,4.073906121858246,2.52,1.5539061218582462
SKU_046,1 X 210 LT,West,Ahmedabad CFA,1.0445913132969868,0.8400000000000001,0.20459131329698677
SKU_047,1 X 195 LT,East,Kolkata CFA,2.6427668697288524,1.2480000000000002,1.3947668697288522
SKU_047,1 X 195 LT,East,Kanpur CFA,0,0.31200000000000006,0
SKU_047,1 X 195 LT,East,Jamshedpur CFA,4.933164823493858,1.2480000000000002,3.6851648234938574
SKU_047,1 X 195 LT,North,Rajpura CFA,12.86934721703325,3.12,9.74934721703325
SKU_047,1 X 195 LT,North,Haryana CFA,28.246473646217016,12.324,15.922473646217016
SKU_047,1 X 195 LT,South,Bangalore CFA,1.4424147191576184,0.78,0.6624147191576184
SKU_047,1 X 195 LT,South,Hyderabad CFA,2.290397953765006,1.2480000000000002,1.0423979537650059
SKU_047,1 X 195 LT,West,Bhiwandi CFA,8.632077972037754,17.472,0
SKU_047,1 X 195 LT,West,Ahmedabad CFA,4.835964844010896,2.652,2.1839648440108963
SKU_048,1 X 210 LT,East,Kolkata CFA,7.7514463524973864,0,7.7514463524973864
SKU_048,1 X 210 LT,East,Guwahati CFA,3.875723176248694,0,3.875723176248694
SKU_048,1 X 210 LT,East,Kanpur CFA,4.650867811498432,0,4.650867811498432
SKU_048,1 X 210 LT,East,Jamshedpur CFA,1.550289270499478,0,1.550289270499478
SKU_048,1 X 210 LT,North,Rajpura CFA,3.430916813372254,0,3.430916813372254
SKU_048,1 X 210 LT,North,Haryana CFA,23.40375397693218,0,23.40375397693218
SKU_048,1 X 210 LT,South,Bangalore CFA,5.741432637090551,0,5.741432637090551
SKU_048,1 X 210 LT,South,Hyderabad CFA,4.191245825076101,0,4.191245825076101
SKU_048,1 X 210 LT,West,Bhiwandi CFA,12.325046953635889,0,12.325046953635889
SKU_048,1 X 210 LT,West,Ahmedabad CFA,6.163088748452221,0,6.163088748452221
SKU_049,1 X 210 LT,East,Kolkata CFA,2.633870507689162,1.344,1.2898705076891621
SKU_049,1 X 210 LT,East,Guwahati CFA,2.2747063475497296,4.032,0
SKU_049,1 X 210 LT,East,Kanpur CFA,1.3169352538445807,1.344,0
SKU_049,1 X 210 LT,East,Jamshedpur CFA,2.3545206053584926,1.512,0.8425206053584926
SKU_049,1 X 210 LT,North,Rajpura CFA,1.0955322225630941,1.008,0.08753222256309412
SKU_049,1 X 210 LT,North,Haryana CFA,3.2905589385839917,2.856,0.43455893858399186
SKU_049,1 X 210 LT,South,Bangalore CFA,8.456228687149006,6.048,2.4082286871490055
SKU_049,1 X 210 LT,South,Hyderabad CFA,5.7770275189433775,1.6800000000000002,4.097027518943378
SKU_049,1 X 210 LT,West,Bhiwandi CFA,2.6542760522106272,2.52,0.13427605221062722
SKU_049,1 X 210 LT,West,Ahmedabad CFA,1.8440233625884357,0.8400000000000001,1.0040233625884356
SKU_050,1 X 195 LT,East,Kolkata CFA,0,0.15600000000000003,0
SKU_050,1 X 195 LT,East,Kanpur CFA,0.33950211271104674,0.9359999999999999,0
SKU_050,1 X 195 LT,North,Rajpura CFA,2.644880739587287,2.34,0.30488073958728723
SKU_050,1 X 195 LT,North,Haryana CFA,6.329365515070605,7.175999999999999,0
SKU_050,1 X 195 LT,South,Bangalore CFA,26.55783167412928,8.736000000000002,17.821831674129278
SKU_050,1 X 195 LT,South,Hyderabad CFA,0.16164688573326008,0.6240000000000001,0
SKU_050,1 X 195 LT,West,Bhiwandi CFA,10.283482557602621,3.12,7.163482557602621
SKU_050,1 X 195 LT,West,Ahmedabad CFA,2.7899797176985945,2.652,0.1379797176985944
SKU_051,240 X 40 ML,East,Kolkata CFA,0.498394263044103,0.113024,0.385370263044103
SKU_051,240 X 40 ML,East,Guwahati CFA,0.0238874432773159,0.15360000000000001,0
SKU_051,240 X 40 ML,East,Kanpur CFA,0.5204111864330281,0.289824,0.23058718643302806
SKU_051,240 X 40 ML,East,Jamshedpur CFA,0.09328846179483155,0.084416,0.008872461794831546
SKU_051,240 X 40 ML,North,Rajpura CFA,1.1893311637828299,1.32864,0
SKU_051,240 X 40 ML,North,Haryana CFA,0.4055518094147977,0.391456,0.014095809414797655
SKU_051,240 X 40 ML,South,Bangalore CFA,5.009455526101497,3.128,1.8814555261014965
SKU_051,240 X 40 ML,South,Hyderabad CFA,36.23769529743092,17.942944,18.294751297430917
SKU_051,240 X 40 ML,West,Bhiwandi CFA,6.773054137877671,0.513792,6.259262137877672
SKU_051,240 X 40 ML,West,Ahmedabad CFA,0.5090560965724348,0.54528,0
SKU_052,1 X 50 LT,East,Kolkata CFA,0.3846115997043218,0.08000000000000002,0.3046115997043218
SKU_052,1 X 50 LT,East,Guwahati CFA,0,0,0
SKU_052,1 X 50 LT,East,Kanpur CFA,2.6703318673437404,1.1199999999999999,1.5503318673437405
SKU_052,1 X 50 LT,East,Jamshedpur CFA,0.017482345441105534,0.12,0
SKU_052,1 X 50 LT,North,Rajpura CFA,2.5449389919303473,0,2.5449389919303473
SKU_052,1 X 50 LT,North,Haryana CFA,12.358331832905355,1,11.358331832905355
SKU_052,1 X 50 LT,South,Bangalore CFA,9.41577116483004,3.16,6.2557711648300405
SKU_052,1 X 50 LT,South,Hyderabad CFA,4.712134553003228,3.04,1.6721345530032279
SKU_052,1 X 50 LT,West,Bhiwandi CFA,6.822282824278935,10.36,0
SKU_052,1 X 50 LT,West,Ahmedabad CFA,4.276337362827649,3.5600000000000005,0.7163373628276481
SKU_053,1 X 210 LT,East,Kolkata CFA,5.434522617950034,3.024,2.4105226179500336
SKU_053,1 X 210 LT,East,Guwahati CFA,3.0318915658037024,5.376,0
SKU_053,1 X 210 LT,East,Kanpur CFA,4.976878608017398,3.5280000000000005,1.4488786080173979
SKU_053,1 X 210 LT,East,Jamshedpur CFA,10.182579221001113,7.224,2.958579221001113
SKU_053,1 X 210 LT,North,Rajpura CFA,3.3350503151600854,6.384,0
SKU_053,1 X 210 LT,North,Haryana CFA,8.912634462927816,10.416,0
SKU_053,1 X 210 LT,South,Bangalore CFA,1.5538048704788698,2.184,0
SKU_053,1 X 210 LT,South,Hyderabad CFA,1.7264498560876331,2.016,0
SKU_053,1 X 210 LT,West,Bhiwandi CFA,9.270690283306697,11.088000000000001,0
SKU_053,1 X 210 LT,West,Ahmedabad CFA,5.270323928181207,4.872,0.398323928181207
SKU_054,1 X 20 LT,East,Kolkata CFA,7.993145219060738,2.4160000000000004,5.577145219060737
SKU_054,1 X 20 LT,East,Guwahati CFA,3.610072789267143,4.800000000000001,0
SKU_054,1 X 20 LT,East,Kanpur CFA,1.587116283208562,2.112,0
SKU_054,1 X 20 LT,East,Jamshedpur CFA,1.8640700069830203,0.544,1.3200700069830202
SKU_054,1 X 20 LT,North,Rajpura CFA,2.0262223835811812,0.6080000000000001,1.4182223835811811
SKU_054,1 X 20 LT,North,Haryana CFA,1.494339007891121,1.2000000000000002,0.2943390078911208
SKU_054,1 X 20 LT,South,Bangalore CFA,2.8628819927844127,3.3920000000000003,0
SKU_054,1 X 20 LT,South,Hyderabad CFA,4.300829539160218,3.888,0.41282953916021814
SKU_054,1 X 20 LT,West,Bhiwandi CFA,3.3329605805582525,1.968,1.3649605805582525
SKU_054,1 X 20 LT,West,Ahmedabad CFA,6.465743348470365,5.2,1.265743348470365
SKU_055,1 X 7.5 LT,East,Kolkata CFA,0.11147171929167521,0.07800000000000001,0.033471719291675195
SKU_055,1 X 7.5 LT,East,Guwahati CFA,0,0.0068000000000000005,0
SKU_055,1 X 7.5 LT,East,Kanpur CFA,0.6437760316180035,0.31800000000000006,0.3257760316180034
SKU_055,1 X 7.5 LT,East,Jamshedpur CFA,0.14243608576158504,0.126,0.016436085761585034
SKU_055,1 X 7.5 LT,North,Rajpura CFA,0.20454590959555358,0,0.20454590959555358
SKU_055,1 X 7.5 LT,North,Haryana CFA,0.4525962047052972,0,0.4525962047052972
SKU_055,1 X 7.5 LT,South,Bangalore CFA,0.6656091297527971,0.27599999999999997,0.3896091297527971
SKU_055,1 X 7.5 LT,South,Hyderabad CFA,2.2315636395227663,0.192,2.039563639522766
SKU_055,1 X 7.5 LT,West,Bhiwandi CFA,1.9569082605616068,0.06,1.8969082605616068
SKU_055,1 X 7.5 LT,West,Ahmedabad CFA,1.006094077463877,0,1.006094077463877
SKU_056,4 X 3 LT,East,Kolkata CFA,9.953702716724704,1.8864,8.067302716724704
SKU_056,4 X 3 LT,East,Guwahati CFA,6.81426806418986,3.945440000000001,2.868828064189859
SKU_056,4 X 3 LT,East,Kanpur CFA,4.656377670545434,0.588,4.068377670545434
SKU_056,4 X 3 LT,East,Jamshedpur CFA,0.6300569604181476,0.192,0.4380569604181476
SKU_056,4 X 3 LT,North,Rajpura CFA,4.495892926821886,0,4.495892926821886
SKU_056,4 X 3 LT,North,Haryana CFA,12.068935912649188,0.15360000000000001,11.915335912649187
SKU_056,4 X 3 LT,South,Bangalore CFA,0.7701018421569726,2.0256000000000003,0
SKU_056,4 X 3 LT,South,Hyderabad CFA,0.048777283887702194,0.06720000000000001,0
SKU_056,4 X 3 LT,West,Bhiwandi CFA,2.677884687042254,0.5472,2.1306846870422538
SKU_056,4 X 3 LT,West,Ahmedabad CFA,0.3070737218519515,0.25920000000000004,0.047873721851951434
SKU_057,20 X 1 LT,East,Kolkata CFA,5.059471262445564,0.796,4.263471262445564
SKU_057,20 X 1 LT,East,Guwahati CFA,2.2223598876402004,2.3016,0
SKU_057,20 X 1 LT,East,Kanpur CFA,2.573497177542094,2.5816,0
SKU_057,20 X 1 LT,East,Jamshedpur CFA,0.7330256036487219,0.6104,0.12262560364872188
SKU_057,20 X 1 LT,North,Rajpura CFA,2.7516152387130446,4.5272,0
SKU_057,20 X 1 LT,North,Haryana CFA,4.191843563229837,6.999200000000001,0
SKU_057,20 X 1 LT,South,Bangalore CFA,4.4372414147835375,3.1928,1.2444414147835374
SKU_057,20 X 1 LT,South,Hyderabad CFA,5.091708773651874,3.48,1.6117087736518738
SKU_057,20 X 1 LT,West,Bhiwandi CFA,5.212134215938626,3.4880000000000004,1.7241342159386255
SKU_057,20 X 1 LT,West,Ahmedabad CFA,1.1943547790341558,1.328,0
SKU_058,4 X 5 LT,East,Kolkata CFA,5.299397577307846,1.056,4.243397577307846
SKU_058,4 X 5 LT,East,Guwahati CFA,1.1141753809460793,0.11200000000000002,1.0021753809460792
SKU_058,4 X 5 LT,East,Kanpur CFA,4.248093108500767,0.9,3.3480931085007675
SKU_058,4 X 5 LT,East,Jamshedpur CFA,1.7812677059509323,0.38400000000000006,1.3972677059509322
SKU_058,4 X 5 LT,North,Rajpura CFA,5.800057335166162,0,5.800057335166162
SKU_058,4 X 5 LT,North,Haryana CFA,3.3052378532937308,0.46399999999999997,2.841237853293731
SKU_058,4 X 5 LT,South,Bangalore CFA,4.798960100813565,0.9279999999999999,3.870960100813565
SKU_058,4 X 5 LT,South,Hyderabad CFA,7.289905173837136,0.136,7.153905173837136
SKU_058,4 X 5 LT,West,Bhiwandi CFA,10.707475283081347,0.8,9.907475283081347
SKU_058,4 X 5 LT,West,Ahmedabad CFA,3.282153309656726,0.4,2.8821533096567262
SKU_059,1 X 10 LT,East,Kolkata CFA,11.59075990333389,0,11.59075990333389
SKU_059,1 X 10 LT,East,Guwahati CFA,2.65421569000393,1.344,1.3102156900039301
SKU_059,1 X 10 LT,East,Kanpur CFA,7.00917160964676,2.9120000000000004,4.097171609646759
SKU_059,1 X 10 LT,East,Jamshedpur CFA,0.8226931929937236,0.24,0.5826931929937236
SKU_059,1 X 10 LT,North,Rajpura CFA,1.6179636603233343,0.944,0.6739636603233343
SKU_059,1 X 10 LT,North,Haryana CFA,3.3968718238897213,3.128,0.2688718238897212
SKU_059,1 X 10 LT,South,Bangalore CFA,6.205066716966297,0.8560000000000001,5.3490667169662975
SKU_059,1 X 10 LT,South,Hyderabad CFA,2.395991190071073,0.008,2.387991190071073
SKU_059,1 X 10 LT,West,Bhiwandi CFA,2.64153524025231,0.8720000000000001,1.7695352402523097
SKU_059,1 X 10 LT,West,Ahmedabad CFA,0.645865989037562,0.20800000000000002,0.43786598903756196
SKU_060,4 X 3.5 LT,East,Kolkata CFA,9.211041594669846,0.7504,8.460641594669845
SKU_060,4 X 3.5 LT,East,Guwahati CFA,1.2787344351293894,0.9184,0.36033443512938945
SKU_060,4 X 3.5 LT,East,Kanpur CFA,9.564460318513996,0.5656,8.998860318513996
SKU_060,4 X 3.5 LT,East,Jamshedpur CFA,0.5613377149106276,0.08960000000000001,0.47173771491062755
SKU_060,4 X 3.5 LT,North,Rajpura CFA,2.5053887980520604,0.27999999999999997,2.2253887980520606
SKU_060,4 X 3.5 LT,North,Haryana CFA,2.0146569352694073,0,2.0146569352694073
SKU_060,4 X 3.5 LT,South,Bangalore CFA,1.5150511096156347,0.35568400000000006,1.1593671096156346
SKU_060,4 X 3.5 LT,South,Hyderabad CFA,8.244159569405053,3.1724,5.071759569405053
SKU_060,4 X 3.5 LT,West,Bhiwandi CFA,3.785823346103491,0.011200000000000002,3.774623346103491
SKU_060,4 X 3.5 LT,West,Ahmedabad CFA,1.316068572399209,0.07840000000000001,1.237668572399209
SKU_061,10 X 1.2 LT,East,Kolkata CFA,4.041999699724385,1.6032000000000002,2.4387996997243846
SKU_061,10 X 1.2 LT,East,Guwahati CFA,0.477275981412157,0.4032,0.07407598141215699
SKU_061,10 X 1.2 LT,East,Kanpur CFA,7.228588813205132,3.84672,3.381868813205132
SKU_061,10 X 1.2 LT,East,Jamshedpur CFA,0.8304217176586519,0.24960000000000002,0.5808217176586519
SKU_061,10 X 1.2 LT,North,Rajpura CFA,0.42699435188979673,0.43200000000000005,0
SKU_061,10 X 1.2 LT,North,Haryana CFA,2.096138296704942,1.45824,0.6378982967049418
SKU_061,10 X 1.2 LT,South,Bangalore CFA,4.3794525442143,2.064,2.3154525442143
SKU_061,10 X 1.2 LT,South,Hyderabad CFA,10.558078979338283,1.8412800000000002,8.716798979338282
SKU_061,10 X 1.2 LT,West,Bhiwandi CFA,8.511022686263033,2.8800000000000003,5.631022686263032
SKU_061,10 X 1.2 LT,West,Ahmedabad CFA,0.5380033076155065,0.1632,0.3748033076155065
SKU_062,20 X 1 LT,East,Kolkata CFA,1.5720335138166337,0.7328000000000001,0.8392335138166336
SKU_062,20 X 1 LT,East,Guwahati CFA,3.2062555761316336,1.8079999999999998,1.3982555761316338
SKU_062,20 X 1 LT,East,Kanpur CFA,19.92367994718116,11.44,8.48367994718116
SKU_062,20 X 1 LT,East,Jamshedpur CFA,0.5271496587665213,0.35200000000000004,0.17514965876652128
SKU_062,20 X 1 LT,North,Rajpura CFA,4.47672275623697,1.2160000000000002,3.2607227562369694
SKU_062,20 X 1 LT,North,Haryana CFA,1.7457448820354928,0.944,0.8017448820354929
SKU_062,20 X 1 LT,South,Bangalore CFA,14.573353460161142,7.356000000000001,7.217353460161141
SKU_062,20 X 1 LT,South,Hyderabad CFA,0.5757688938128415,0.592,0
SKU_062,20 X 1 LT,West,Bhiwandi CFA,1.8597393551668109,0.9279999999999999,0.931739355166811
SKU_062,20 X 1 LT,West,Ahmedabad CFA,1.1314354709040222,1.6480000000000001,0
SKU_063,10 X 900 ML,East,Kolkata CFA,35.69106121890038,4.986000000000001,30.70506121890038
SKU_063,10 X 900 ML,East,Guwahati CFA,1.5206221046471304,0.9216,0.5990221046471305
SKU_063,10 X 900 ML,East,Kanpur CFA,5.017325355891617,4.119120000000001,0.8982053558916165
SKU_063,10 X 900 ML,East,Jamshedpur CFA,0.8120932273182832,1.1872800000000001,0
SKU_063,10 X 900 ML,North,Rajpura CFA,1.0157053612751374,0,1.0157053612751374
SKU_063,10 X 900 ML,North,Haryana CFA,2.8193266436413955,1.6617600000000001,1.1575666436413954
SKU_063,10 X 900 ML,South,Bangalore CFA,0.22845632417948913,0,0.22845632417948913
SKU_063,10 X 900 ML,South,Hyderabad CFA,0.7009484074184251,0.5472,0.1537484074184251
SKU_063,10 X 900 ML,West,Bhiwandi CFA,1.7632141130351628,0.0077599999999999995,1.7554541130351629
SKU_063,10 X 900 ML,West,Ahmedabad CFA,0.9267936624371207,0.06480000000000001,0.8619936624371207
SKU_064,1 X 210 LT,East,Kolkata CFA,1.6760994139840115,0.336,1.3400994139840114
SKU_064,1 X 210 LT,East,Guwahati CFA,0.8979104003485774,0.504,0.3939104003485774
SKU_064,1 X 210 LT,East,Kanpur CFA,2.27470634754973,0.672,1.6027063475497298
SKU_064,1 X 210 LT,East,Jamshedpur CFA,1.4366566405577244,1.344,0.09265664055772427
SKU_064,1 X 210 LT,North,Rajpura CFA,3.43160099824963,1.6800000000000002,1.75160099824963
SKU_064,1 X 210 LT,North,Haryana CFA,9.427791080115606,4.2,5.227791080115606
SKU_064,1 X 210 LT,South,Bangalore CFA,5.394244338516539,4.5360000000000005,0.8582443385165384
SKU_064,1 X 210 LT,South,Hyderabad CFA,2.4665824117469293,2.184,0.2825824117469291
SKU_064,1 X 210 LT,West,Bhiwandi CFA,3.6880467251768714,2.016,1.6720467251768714
SKU_064,1 X 210 LT,West,Ahmedabad CFA,2.276845303151011,4.2,0
SKU_065,20 X 1 LT,East,Kolkata CFA,6.27361354508527,1.136,5.13761354508527
SKU_065,20 X 1 LT,East,Guwahati CFA,5.838608235337966,0.8,5.038608235337966
SKU_065,20 X 1 LT,East,Kanpur CFA,3.1451184113865254,0.4896000000000001,2.655518411386525
SKU_065,20 X 1 LT,East,Jamshedpur CFA,0.7823389812754789,0.14880000000000002,0.6335389812754788
SKU_065,20 X 1 LT,North,Rajpura CFA,6.351040364170515,0.8160000000000001,5.5350403641705155
SKU_065,20 X 1 LT,North,Haryana CFA,2.5327542025553758,0.44800000000000006,2.084754202555376
SKU_065,20 X 1 LT,South,Bangalore CFA,9.619127364600159,0.16000000000000003,9.459127364600159
SKU_065,20 X 1 LT,South,Hyderabad CFA,3.534045099889699,1.8984000000000003,1.6356450998896988
SKU_065,20 X 1 LT,West,Bhiwandi CFA,8.329401622982484,0,8.329401622982484
SKU_065,20 X 1 LT,West,Ahmedabad CFA,0.8661038260469779,0.17600000000000002,0.6901038260469778
SKU_066,1 X 210 LT,East,Kolkata CFA,14.506078360517632,5.712,8.794078360517632
SKU_066,1 X 210 LT,East,Guwahati CFA,3.540173885602517,3.192,0.3481738856025167
SKU_066,1 X 210 LT,East,Jamshedpur CFA,0.6044199316882346,1.512,0
SKU_066,1 X 210 LT,North,Haryana CFA,2.960977108051969,2.8560000000000003,0.10497710805196858
SKU_066,1 X 210 LT,South,Bangalore CFA,6.87850622223577,6.888,0
SKU_066,1 X 210 LT,South,Hyderabad CFA,4.7823142379466885,5.5440000000000005,0
SKU_066,1 X 210 LT,West,Bhiwandi CFA,11.139895273757766,9.072000000000001,2.067895273757765
SKU_066,1 X 210 LT,West,Ahmedabad CFA,0,1.344,0
SKU_067,1 X 195 LT,East,Kolkata CFA,2.2903979537650057,0.78,1.5103979537650056
SKU_067,1 X 195 LT,East,Jamshedpur CFA,8.280669525150406,5.148,3.1326695251504066
SKU_067,1 X 195 LT,North,Rajpura CFA,3.756123710564299,3.5880000000000005,0.16812371056429853
SKU_067,1 X 195 LT,North,Haryana CFA,4.990804645560803,5.772,0
SKU_067,1 X 195 LT,South,Bangalore CFA,11.316867757336707,3.5880000000000005,7.728867757336706
SKU_067,1 X 195 LT,South,Hyderabad CFA,0.16164688573326008,0.78,0
SKU_067,1 X 195 LT,West,Bhiwandi CFA,8.141675201735245,3.9000000000000004,4.241675201735244
SKU_067,1 X 195 LT,West,Ahmedabad CFA,2.417982422005448,2.9640000000000004,0
SKU_068,1 X 15 LT,East,Kolkata CFA,12.024961126607742,1.908,10.116961126607743
SKU_068,1 X 15 LT,East,Guwahati CFA,2.2975732177389494,1.452,0.8455732177389494
SKU_068,1 X 15 LT,East,Kanpur CFA,4.276545145300335,4.788,0
SKU_068,1 X 15 LT,East,Jamshedpur CFA,1.9757424608942538,1.284,0.6917424608942537
SKU_068,1 X 15 LT,North,Rajpura CFA,4.960212633522023,1.596,3.3642126335220226
SKU_068,1 X 15 LT,North,Haryana CFA,0.9153959558386481,1.62,0
SKU_068,1 X 15 LT,South,Bangalore CFA,3.8972246813387437,1.836,2.061224681338744
SKU_068,1 X 15 LT,South,Hyderabad CFA,1.5762734625293762,0.984,0.5922734625293762
SKU_068,1 X 15 LT,West,Bhiwandi CFA,3.441785862634376,1.62,1.8217858626343757
SKU_068,1 X 15 LT,West,Ahmedabad CFA,0.626744956467371,0.24,0.38674495646737106
SKU_069,1 X 10 LT,East,Kolkata CFA,8.275880287807475,0,8.275880287807475
SKU_069,1 X 10 LT,East,Guwahati CFA,3.020562966484403,0.8480000000000001,2.172562966484403
SKU_069,1 X 10 LT,East,Kanpur CFA,3.8130698915756,0.68,3.1330698915756
SKU_069,1 X 10 LT,East,Jamshedpur CFA,1.952076596350722,0.96,0.9920765963507221
SKU_069,1 X 10 LT,North,Rajpura CFA,2.2566796513912295,0.18400000000000002,2.0726796513912293
SKU_069,1 X 10 LT,North,Haryana CFA,3.3606023798486713,1,2.3606023798486713
SKU_069,1 X 10 LT,South,Bangalore CFA,5.352062371222178,1.6239999999999999,3.7280623712221788
SKU_069,1 X 10 LT,South,Hyderabad CFA,4.038063973177133,0.9359999999999999,3.102063973177133
SKU_069,1 X 10 LT,West,Bhiwandi CFA,4.425494429960426,1.2240000000000002,3.2014944299604258
SKU_069,1 X 10 LT,West,Ahmedabad CFA,0.9183013112523494,0.32000000000000006,0.5983013112523493
SKU_070,1 X 210 LT,East,Kolkata CFA,19.328539179083997,7.896,11.432539179083996
SKU_070,1 X 210 LT,East,Guwahati CFA,4.099993159199638,3.0240000000000005,1.0759931591996375
SKU_070,1 X 210 LT,East,Kanpur CFA,0.46374941207762455,1.848,0
SKU_070,1 X 210 LT,East,Jamshedpur CFA,8.47331919567925,4.032,4.441319195679251
SKU_070,1 X 210 LT,North,Rajpura CFA,4.382128890252377,6.552,0
SKU_070,1 X 210 LT,North,Haryana CFA,0.5799876472392852,3.3600000000000003,0
SKU_070,1 X 210 LT,South,Bangalore CFA,3.924276111099031,4.704,0
SKU_070,1 X 210 LT,South,Hyderabad CFA,1.1127741935483872,3.8640000000000003,0
SKU_070,1 X 210 LT,West,Bhiwandi CFA,1.0202487065707744,0.336,0.6842487065707743
SKU_070,1 X 210 LT,West,Ahmedabad CFA,0.7025630284391859,0.336,0.3665630284391859
SKU_071,4 X 3.5 LT,East,Kolkata CFA,7.201381446046141,0,7.201381446046141
SKU_071,4 X 3.5 LT,East,Guwahati CFA,5.748272048913904,2.6656,3.082672048913904
SKU_071,4 X 3.5 LT,East,Kanpur CFA,2.7064070300296574,2.6740000000000004,0.03240703002965706
SKU_071,4 X 3.5 LT,East,Jamshedpur CFA,0.5713788527624194,0.08960000000000001,0.4817788527624194
SKU_071,4 X 3.5 LT,North,Rajpura CFA,2.43671495701665,4.0544,0
SKU_071,4 X 3.5 LT,North,Haryana CFA,3.1879198773516215,2.5172000000000003,0.6707198773516212
SKU_071,4 X 3.5 LT,South,Bangalore CFA,2.686969921806218,0.6608,2.026169921806218
SKU_071,4 X 3.5 LT,South,Hyderabad CFA,1.3527830655314248,0.36960000000000004,0.9831830655314248
SKU_071,4 X 3.5 LT,West,Bhiwandi CFA,3.410625355068465,1.736,1.6746253550684649
SKU_071,4 X 3.5 LT,West,Ahmedabad CFA,0.9431787664683449,0.3472,0.5959787664683449
SKU_072,1 X 210 LT,East,Kolkata CFA,3.0357937375346817,0.8400000000000001,2.1957937375346814
SKU_072,1 X 210 LT,East,Guwahati CFA,0.359164160139431,0.8400000000000001,0
SKU_072,1 X 210 LT,East,Kanpur CFA,0.5387462402091465,2.352,0
SKU_072,1 X 210 LT,East,Jamshedpur CFA,3.7947421719183527,1.512,2.2827421719183527
SKU_072,1 X 210 LT,North,Rajpura CFA,0.1802544815312963,1.6800000000000002,0
SKU_072,1 X 210 LT,North,Haryana CFA,5.811006231273472,6.720000000000001,0
SKU_072,1 X 210 LT,South,Bangalore CFA,7.187581658809703,6.216,0.9715816588097024
SKU_072,1 X 210 LT,South,Hyderabad CFA,3.4152679547265175,4.872,0
SKU_072,1 X 210 LT,West,Bhiwandi CFA,5.207962139704042,14.616,0
SKU_072,1 X 210 LT,West,Ahmedabad CFA,4.6070434312766535,5.376,0
SKU_073,1 X 210 LT,East,Kolkata CFA,0.9583451994364194,0,0.9583451994364194
SKU_073,1 X 210 LT,East,Guwahati CFA,0,0,0
SKU_073,1 X 210 LT,East,Kanpur CFA,1.0861245593612752,0.8400000000000001,0.24612455936127509
SKU_073,1 X 210 LT,East,Jamshedpur CFA,0,0,0
SKU_073,1 X 210 LT,North,Rajpura CFA,1.114332393939154,0.672,0.442332393939154
SKU_073,1 X 210 LT,North,Haryana CFA,4.66394663725724,2.016,2.64794663725724
SKU_073,1 X 210 LT,South,Bangalore CFA,5.800546228069908,3.192,2.6085462280699074
SKU_073,1 X 210 LT,South,Hyderabad CFA,3.411822252981057,2.52,0.8918222529810569
SKU_073,1 X 210 LT,West,Bhiwandi CFA,4.229531680249436,0.168,4.061531680249436
SKU_073,1 X 210 LT,West,Ahmedabad CFA,1.2212028090861047,1.848,0
SKU_074,1 X 210 LT,East,Kolkata CFA,3.8828190222495205,2.016,1.8668190222495205
SKU_074,1 X 210 LT,East,Guwahati CFA,2.095124267480015,2.688,0
SKU_074,1 X 210 LT,East,Kanpur CFA,2.154118056138426,1.008,1.1461180561384259
SKU_074,1 X 210 LT,East,Jamshedpur CFA,0.9333699572715196,0.672,0.26136995727151957
SKU_074,1 X 210 LT,North,Rajpura CFA,0.2685444003762202,0,0.2685444003762202
SKU_074,1 X 210 LT,North,Haryana CFA,1.4177475821404752,2.52,0
SKU_074,1 X 210 LT,South,Bangalore CFA,3.3122908845145362,6.048000000000001,0
SKU_074,1 X 210 LT,South,Hyderabad CFA,4.586619082418604,6.552,0
SKU_074,1 X 210 LT,West,Bhiwandi CFA,4.4703596668810555,4.704,0
SKU_074,1 X 210 LT,West,Ahmedabad CFA,2.8460566289387645,0,2.8460566289387645
SKU_075,10 X 1 LT,East,Kolkata CFA,19.803419639543907,3.168,16.63541963954391
SKU_075,10 X 1 LT,East,Guwahati CFA,0.3687096552416167,0.25680000000000003,0.11190965524161667
SKU_075,10 X 1 LT,East,Kanpur CFA,4.817690914654695,3.1888000000000005,1.6288909146546944
SKU_075,10 X 1 LT,East,Jamshedpur CFA,0.405832284488564,0.296,0.10983228448856402
SKU_075,10 X 1 LT,North,Rajpura CFA,0.6312152810872952,0.064,0.5672152810872952
SKU_075,10 X 1 LT,North,Haryana CFA,5.203354376152742,1.088,4.115354376152742
SKU_075,10 X 1 LT,South,Bangalore CFA,0.8649040788069474,0.6864,0.1785040788069474
SKU_075,10 X 1 LT,South,Hyderabad CFA,0.6460319651054596,0.6632,0
SKU_075,10 X 1 LT,West,Bhiwandi CFA,3.1211132208587564,0.752,2.3691132208587566
SKU_075,10 X 1 LT,West,Ahmedabad CFA,0.3783541363971161,0.008,0.3703541363971161
SKU_076,1 X 195 LT,East,Kolkata CFA,0,0.9359999999999999,0
SKU_076,1 X 195 LT,East,Kanpur CFA,0,0.15600000000000003,0
SKU_076,1 X 195 LT,East,Jamshedpur CFA,0,0.9359999999999999,0
SKU_076,1 X 195 LT,North,Rajpura CFA,11.181286821770566,1.404,9.777286821770566
SKU_076,1 X 195 LT,North,Haryana CFA,9.673944272486946,3.4320000000000004,6.241944272486945
SKU_076,1 X 195 LT,South,Bangalore CFA,4.323173566099896,4.524,0
SKU_076,1 X 195 LT,South,Hyderabad CFA,0,1.56,0
SKU_076,1 X 195 LT,West,Bhiwandi CFA,3.0603193943320974,3.4320000000000004,0
SKU_076,1 X 195 LT,West,Ahmedabad CFA,0.35236891596384706,0,0.35236891596384706
SKU_077,1 X 210 LT,East,Kolkata CFA,3.3521988279680226,1.344,2.0081988279680223
SKU_077,1 X 210 LT,East,Guwahati CFA,2.035263574123442,1.176,0.8592635741234422
SKU_077,1 X 210 LT,East,Kanpur CFA,0.4190248534960029,0.336,0.08302485349600286
SKU_077,1 X 210 LT,East,Jamshedpur CFA,0.4190248534960028,0.504,0
SKU_077,1 X 210 LT,North,Rajpura CFA,1.4420358522503705,0,1.4420358522503705
SKU_077,1 X 210 LT,North,Haryana CFA,6.023459000950719,5.208,0.8154590009507192
SKU_077,1 X 210 LT,South,Bangalore CFA,0.8201431155923009,1.008,0
SKU_077,1 X 210 LT,South,Hyderabad CFA,5.777027518943379,6.216,0
SKU_077,1 X 210 LT,West,Bhiwandi CFA,2.905733783472686,2.688,0.2177337834726858
SKU_077,1 X 210 LT,West,Ahmedabad CFA,0.27939747918006613,2.52,0
SKU_078,1 X 210 LT,East,Kolkata CFA,6.157742073744101,1.512,4.645742073744101
SKU_078,1 X 210 LT,East,Guwahati CFA,0.8680517460784632,0.504,0.36405174607846325
SKU_078,1 X 210 LT,East,Kanpur CFA,0.6781654266237995,1.008,0
SKU_078,1 X 210 LT,East,Jamshedpur CFA,1.4648373215074066,0.504,0.9608373215074066
SKU_078,1 X 210 LT,North,Rajpura CFA,0.6886878868704082,1.848,0
SKU_078,1 X 210 LT,North,Haryana CFA,1.529976331019631,3.5280000000000005,0
SKU_078,1 X 210 LT,South,Bangalore CFA,10.096901527780753,7.896000000000001,2.2009015277807524
SKU_078,1 X 210 LT,South,Hyderabad CFA,8.356861436748087,2.856,5.500861436748087
SKU_078,1 X 210 LT,West,Bhiwandi CFA,1.8999028584244486,2.52,0
SKU_078,1 X 210 LT,West,Ahmedabad CFA,1.001531180712316,1.512,0
SKU_079,4 X 5 LT,East,Kolkata CFA,0.9157353920722126,0,0.9157353920722126
SKU_079,4 X 5 LT,East,Guwahati CFA,0.696488031979172,0.41600000000000004,0.28048803197917194
SKU_079,4 X 5 LT,East,Kanpur CFA,4.22546045115445,0.028000000000000004,4.19746045115445
SKU_079,4 X 5 LT,East,Jamshedpur CFA,0.18727344239951663,0,0.18727344239951663
SKU_079,4 X 5 LT,North,Rajpura CFA,0.41159592630115843,0.08000000000000002,0.3315959263011584
SKU_079,4 X 5 LT,North,Haryana CFA,0.4110329682232363,0,0.4110329682232363
SKU_079,4 X 5 LT,South,Bangalore CFA,1.6290980176758691,0,1.6290980176758691
SKU_079,4 X 5 LT,South,Hyderabad CFA,0.9269389677076497,0.26,0.6669389677076497
SKU_079,4 X 5 LT,West,Bhiwandi CFA,0.17332282334524712,0,0.17332282334524712
SKU_079,4 X 5 LT,West,Ahmedabad CFA,0.1598964074523055,0.016,0.14389640745230547
SKU_080,1 X 210 LT,East,Kolkata CFA,4.74342771489794,3.024,1.7194277148979396
SKU_080,1 X 210 LT,East,Guwahati CFA,4.19024853496003,5.712,0
SKU_080,1 X 210 LT,East,Kanpur CFA,0.3656176598426657,0.8400000000000001,0
SKU_080,1 X 210 LT,East,Jamshedpur CFA,1.0774924804182935,1.848,0
SKU_080,1 X 210 LT,North,Rajpura CFA,0.7733168629857138,1.176,0
SKU_080,1 X 210 LT,North,Haryana CFA,3.5031901159514582,5.04,0
SKU_080,1 X 210 LT,South,Bangalore CFA,7.430398448887473,6.048,1.3823984488874732
SKU_080,1 X 210 LT,South,Hyderabad CFA,1.8084607885387964,0.168,1.6404607885387965
SKU_080,1 X 210 LT,West,Bhiwandi CFA,9.306764419581663,0.168,9.138764419581664
SKU_080,1 X 210 LT,West,Ahmedabad CFA,5.808880848131432,2.352,3.456880848131432
SKU_081,1 X 10 LT,East,Kolkata CFA,4.062111642784245,0.8640000000000001,3.1981116427842453
SKU_081,1 X 10 LT,East,Guwahati CFA,0.5865987597676752,0.30400000000000005,0.2825987597676751
SKU_081,1 X 10 LT,East,Kanpur CFA,5.607401262146077,4.216,1.3914012621460765
SKU_081,1 X 10 LT,East,Jamshedpur CFA,1.1782836359495203,0.5359999999999999,0.6422836359495204
SKU_081,1 X 10 LT,North,Rajpura CFA,2.37857593325937,1.2000000000000002,1.1785759332593697
SKU_081,1 X 10 LT,North,Haryana CFA,13.28251877931811,2.8240000000000003,10.45851877931811
SKU_081,1 X 10 LT,South,Bangalore CFA,2.445387485248993,0.944,1.5013874852489932
SKU_081,1 X 10 LT,South,Hyderabad CFA,2.03102237825618,0.792,1.2390223782561798
SKU_081,1 X 10 LT,West,Bhiwandi CFA,3.240609047183015,1.8719999999999999,1.368609047183015
SKU_081,1 X 10 LT,West,Ahmedabad CFA,2.296947423118574,1.4080000000000001,0.8889474231185737
SKU_082,1 X 210 LT,East,Kolkata CFA,2.9746860645621234,0.336,2.6386860645621235
SKU_082,1 X 210 LT,East,Guwahati CFA,2.288220049663172,2.184,0.104220049663172
SKU_082,1 X 210 LT,East,Kanpur CFA,4.633645600567923,5.712,0
SKU_082,1 X 210 LT,East,Jamshedpur CFA,7.9515646725795195,2.016,5.9355646725795195
SKU_082,1 X 210 LT,North,Rajpura CFA,2.300034700110403,2.52,0
SKU_082,1 X 210 LT,North,Haryana CFA,5.4625824127622105,2.184,3.2785824127622103
SKU_082,1 X 210 LT,South,Bangalore CFA,0.9783215851163254,1.512,0
SKU_082,1 X 210 LT,South,Hyderabad CFA,1.2660632277975976,1.176,0.09006322779759768
SKU_082,1 X 210 LT,West,Bhiwandi CFA,5.524315442792349,1.176,4.348315442792349
SKU_082,1 X 210 LT,West,Ahmedabad CFA,4.000366355125495,5.04,0
SKU_083,4 X 5 LT,East,Kolkata CFA,1.359611239343337,0.272,1.087611239343337
SKU_083,4 X 5 LT,East,Guwahati CFA,0.03235194529248941,0.064,0
SKU_083,4 X 5 LT,East,Kanpur CFA,4.309888452334404,1.3840000000000001,2.9258884523344033
SKU_083,4 X 5 LT,East,Jamshedpur CFA,0.17503231940295555,0.08000000000000002,0.09503231940295553
SKU_083,4 X 5 LT,North,Rajpura CFA,5.354729349044545,0,5.354729349044545
SKU_083,4 X 5 LT,North,Haryana CFA,7.562317803443766,4.048,3.514317803443766
SKU_083,4 X 5 LT,South,Bangalore CFA,1.4368287057380909,0.756,0.6808287057380908
SKU_083,4 X 5 LT,South,Hyderabad CFA,3.2236758958728275,0.328,2.8956758958728277
SKU_083,4 X 5 LT,West,Bhiwandi CFA,5.6636830767363975,2.4160000000000004,3.247683076736397
SKU_083,4 X 5 LT,West,Ahmedabad CFA,1.1844178091008708,0.784,0.40041780910087077
SKU_084,4 X 4.5 LT,East,Kolkata CFA,2.9369539401451763,0.4824,2.454553940145176
SKU_084,4 X 4.5 LT,East,Guwahati CFA,0.21522511805342442,0.144,0.07122511805342444
SKU_084,4 X 4.5 LT,East,Kanpur CFA,8.550980318884632,4.5576,3.9933803188846317
SKU_084,4 X 4.5 LT,East,Jamshedpur CFA,0.38633577091577426,0.1008,0.28553577091577426
SKU_084,4 X 4.5 LT,North,Rajpura CFA,0.6658681989814498,0,0.6658681989814498
SKU_084,4 X 4.5 LT,North,Haryana CFA,8.277136905725476,3.942,4.335136905725475
SKU_084,4 X 4.5 LT,South,Bangalore CFA,0.4399319805746684,0.3024,0.13753198057466842
SKU_084,4 X 4.5 LT,South,Hyderabad CFA,0.10601639531881353,0.2556,0
SKU_084,4 X 4.5 LT,West,Bhiwandi CFA,5.8313921999835365,2.6208,3.2105921999835365
SKU_084,4 X 4.5 LT,West,Ahmedabad CFA,3.980044999616159,2.1024000000000003,1.8776449996161588
SKU_085,1 X 210 LT,East,Kolkata CFA,0.6341742358799256,0,0.6341742358799256
SKU_085,1 X 210 LT,East,Guwahati CFA,0.691826439141737,1.5120000000000002,0
SKU_085,1 X 210 LT,East,Kanpur CFA,2.7673057565669477,1.344,1.4233057565669476
SKU_085,1 X 210 LT,East,Jamshedpur CFA,0,0,0
SKU_085,1 X 210 LT,North,Rajpura CFA,0.9876895022732669,1.008,0
SKU_085,1 X 210 LT,North,Haryana CFA,4.589851216446357,2.184,2.405851216446357
SKU_085,1 X 210 LT,South,Bangalore CFA,10.515076810828191,6.552,3.9630768108281913
SKU_085,1 X 210 LT,South,Hyderabad CFA,2.2711400984575816,0.8400000000000001,1.4311400984575815
SKU_085,1 X 210 LT,West,Bhiwandi CFA,6.111726926394351,4.032,2.0797269263943505
SKU_085,1 X 210 LT,West,Ahmedabad CFA,2.8559471618665184,1.848,1.0079471618665183
SKU_086,20 X 800 ML,East,Kolkata CFA,2.4254234930856793,0.8320000000000001,1.5934234930856792
SKU_086,20 X 800 ML,East,Guwahati CFA,0.09258652914228736,0.44800000000000006,0
SKU_086,20 X 800 ML,East,Kanpur CFA,1.020355617902094,1.0752,0
SKU_086,20 X 800 ML,East,Jamshedpur CFA,0.7200589897891176,0.30720000000000003,0.4128589897891176
SKU_086,20 X 800 ML,North,Rajpura CFA,3.342727566982101,2.5088000000000004,0.8339275669821005
SKU_086,20 X 800 ML,North,Haryana CFA,8.659016474061804,8.58752,0.0714964740618047
SKU_086,20 X 800 ML,South,Bangalore CFA,1.30085610170859,1.67168,0
SKU_086,20 X 800 ML,South,Hyderabad CFA,7.224612940600142,7.7152,0
SKU_086,20 X 800 ML,West,Bhiwandi CFA,2.6231260494636226,3.530240000000001,0
SKU_086,20 X 800 ML,West,Ahmedabad CFA,1.2208775872517263,1.0879999999999999,0.1328775872517265
SKU_087,1 X 210 LT,East,Kolkata CFA,0,0.168,0
SKU_087,1 X 210 LT,East,Kanpur CFA,2.384906314140424,3.192,0
SKU_087,1 X 210 LT,East,Jamshedpur CFA,0,0.336,0
SKU_087,1 X 210 LT,North,Rajpura CFA,8.825356530563335,2.184,6.641356530563335
SKU_087,1 X 210 LT,North,Haryana CFA,16.384856057574424,10.08,6.304856057574424
SKU_087,1 X 210 LT,South,Bangalore CFA,4.00860672339878,3.0240000000000005,0.9846067233987799
SKU_087,1 X 210 LT,South,Hyderabad CFA,2.6563195203428465,3.8640000000000003,0
SKU_087,1 X 210 LT,West,Bhiwandi CFA,2.1374764673512168,2.52,0
SKU_087,1 X 210 LT,West,Ahmedabad CFA,3.98447928051427,0.8400000000000001,3.14447928051427
SKU_088,1 X 210 LT,East,Kolkata CFA,0,0.8400000000000001,0
SKU_088,1 X 210 LT,East,Kanpur CFA,0.18280882992133285,0.336,0
SKU_088,1 X 210 LT,East,Jamshedpur CFA,0.8400000000000001,3.024,0
SKU_088,1 X 210 LT,North,Rajpura CFA,0,0.504,0
SKU_088,1 X 210 LT,North,Haryana CFA,5.414738472371798,5.04,0.37473847237179836
SKU_088,1 X 210 LT,South,Bangalore CFA,8.999668912015025,3.5280000000000005,5.471668912015025
SKU_088,1 X 210 LT,South,Hyderabad CFA,0.5692113257877528,0,0.5692113257877528
SKU_088,1 X 210 LT,West,Bhiwandi CFA,4.006124722849264,1.008,2.998124722849264
SKU_088,1 X 210 LT,West,Ahmedabad CFA,0.8012249445698526,2.688,0
SKU_089,1 X 210 LT,East,Kolkata CFA,2.8460566289387645,2.856,0
SKU_089,1 X 210 LT,North,Rajpura CFA,1.492694484664999,0.672,0.820694484664999
SKU_089,1 X 210 LT,North,Haryana CFA,1.3201723129304075,0,1.3201723129304075
SKU_089,1 X 210 LT,South,Bangalore CFA,10.5393691854219,1.344,9.195369185421901
SKU_089,1 X 210 LT,South,Hyderabad CFA,0,1.512,0
SKU_089,1 X 210 LT,West,Bhiwandi CFA,4.40673719513419,1.344,3.06273719513419
SKU_089,1 X 210 LT,West,Ahmedabad CFA,3.8058184867068015,0,3.8058184867068015
SKU_090,4 X 3.5 LT,East,Kolkata CFA,4.650867811498432,2.4920000000000004,2.1588678114984314
SKU_090,4 X 3.5 LT,East,Guwahati CFA,9.301735622996862,4.043200000000001,5.258535622996861
SKU_090,4 X 3.5 LT,East,Kanpur CFA,0.7751446352497386,1.344,0
SKU_090,4 X 3.5 LT,East,Jamshedpur CFA,0.7751446352497386,0.4032,0.37194463524973864
SKU_090,4 X 3.5 LT,North,Rajpura CFA,14.099434333048837,0.9156000000000001,13.183834333048837
SKU_090,4 X 3.5 LT,North,Haryana CFA,4.579661282135287,0.0028000000000000004,4.576861282135288
SKU_090,4 X 3.5 LT,South,Bangalore CFA,1.869793228812489,0,1.869793228812489
SKU_090,4 X 3.5 LT,South,Hyderabad CFA,1.5884630295950524,0.008400000000000001,1.5800630295950524
SKU_090,4 X 3.5 LT,West,Bhiwandi CFA,1.0681219707463128,1.3776000000000002,0
SKU_090,4 X 3.5 LT,West,Ahmedabad CFA,2.6741537620402855,0.42560000000000003,2.2485537620402853
SKU_091,1 X 210 LT,East,Kolkata CFA,1.7076339773632587,0.168,1.5396339773632588
SKU_091,1 X 210 LT,East,Guwahati CFA,0.1795820800697155,0.8400000000000001,0
SKU_091,1 X 210 LT,East,Kanpur CFA,0.7183283202788621,0,0.7183283202788621
SKU_091,1 X 210 LT,East,Jamshedpur CFA,0.2974893133571072,0,0.2974893133571072
SKU_091,1 X 210 LT,North,Rajpura CFA,0.45110150340833305,2.856,0
SKU_091,1 X 210 LT,North,Haryana CFA,0.6538635681426184,3.192,0
SKU_091,1 X 210 LT,South,Bangalore CFA,4.770091844333627,1.6800000000000002,3.0900918443336267
SKU_091,1 X 210 LT,South,Hyderabad CFA,2.611218923383432,2.016,0.595218923383432
SKU_091,1 X 210 LT,West,Bhiwandi CFA,3.004593542136948,0,3.004593542136948
SKU_091,1 X 210 LT,West,Ahmedabad CFA,1.8027561252821689,2.352,0
SKU_092,12 X 600 ML,East,Kolkata CFA,4.9011088673186585,1.7280000000000002,3.1731088673186583
SKU_092,12 X 600 ML,East,Guwahati CFA,1.2438557815674292,1.155456,0.08839978156742911
SKU_092,12 X 600 ML,East,Kanpur CFA,2.292681770797441,2.20416,0.08852177079744106
SKU_092,12 X 600 ML,East,Jamshedpur CFA,0.6392541130756397,0.288,0.35125411307563975
SKU_092,12 X 600 ML,North,Rajpura CFA,6.599103989615729,2.5977600000000005,4.001343989615728
SKU_092,12 X 600 ML,North,Haryana CFA,2.6795630738549665,3.5136000000000003,0
SKU_092,12 X 600 ML,South,Bangalore CFA,2.375159358708911,2.304,0.07115935870891121
SKU_092,12 X 600 ML,South,Hyderabad CFA,5.742629613374456,5.5008,0.2418296133744562
SKU_092,12 X 600 ML,West,Bhiwandi CFA,3.241125124906258,4.14144,0
SKU_092,12 X 600 ML,West,Ahmedabad CFA,1.841137757398357,2.06208,0
SKU_093,1 X 210 LT,East,Kolkata CFA,3.375124573253178,0,3.375124573253178
SKU_093,1 X 210 LT,East,Guwahati CFA,1.7161650372473787,2.016,0
SKU_093,1 X 210 LT,East,Kanpur CFA,2.9174805633205434,0,2.9174805633205434
SKU_093,1 X 210 LT,East,Jamshedpur CFA,3.4895355757363364,0.8400000000000001,2.649535575736336
SKU_093,1 X 210 LT,North,Rajpura CFA,1.8975286275910834,1.512,0.3855286275910834
SKU_093,1 X 210 LT,North,Haryana CFA,5.23257894275117,0,5.23257894275117
SKU_093,1 X 210 LT,South,Bangalore CFA,2.5321264555951952,0,2.5321264555951952
SKU_093,1 X 210 LT,South,Hyderabad CFA,2.244384812913923,0.504,1.740384812913923
SKU_093,1 X 210 LT,West,Bhiwandi CFA,6.095796350667418,0,6.095796350667418
SKU_093,1 X 210 LT,West,Ahmedabad CFA,2.0319321168891404,0,2.0319321168891404
SKU_094,4 X 5 LT,East,Kolkata CFA,2.9236692520790624,0.528,2.3956692520790623
SKU_094,4 X 5 LT,East,Guwahati CFA,0.6044001672172721,0.24,0.3644001672172721
SKU_094,4 X 5 LT,East,Kanpur CFA,4.057875931629247,1.892,2.165875931629247
SKU_094,4 X 5 LT,East,Jamshedpur CFA,0.45944584941341016,0.08000000000000002,0.37944584941341014
SKU_094,4 X 5 LT,North,Rajpura CFA,2.884969168307121,0.5599999999999999,2.324969168307121
SKU_094,4 X 5 LT,North,Haryana CFA,2.3853424297400756,1.0879999999999999,1.2973424297400757
SKU_094,4 X 5 LT,South,Bangalore CFA,2.9443393541470906,1.2160000000000002,1.7283393541470904
SKU_094,4 X 5 LT,South,Hyderabad CFA,2.868078351788153,0.8160000000000001,2.052078351788153
SKU_094,4 X 5 LT,West,Bhiwandi CFA,3.086258781441401,0.48,2.606258781441401
SKU_094,4 X 5 LT,West,Ahmedabad CFA,2.677990585678728,0.7360000000000001,1.9419905856787278
SKU_095,10 X 1.2 LT,East,Kolkata CFA,4.987242311079116,0,4.987242311079116
SKU_095,10 X 1.2 LT,East,Guwahati CFA,0.35948670815357736,0.288,0.07148670815357738
SKU_095,10 X 1.2 LT,East,Kanpur CFA,0.12651190964402612,0.016319999999999998,0.11019190964402611
SKU_095,10 X 1.2 LT,East,Jamshedpur CFA,0.025023692757719304,0,0.025023692757719304
SKU_095,10 X 1.2 LT,North,Rajpura CFA,0.00827118800596759,0.07680000000000001,0
SKU_095,10 X 1.2 LT,North,Haryana CFA,0.012610425381347762,0.24960000000000002,0
SKU_095,10 X 1.2 LT,South,Bangalore CFA,0.867575182478449,0.6144000000000001,0.25317518247844895
SKU_095,10 X 1.2 LT,South,Hyderabad CFA,21.43644454695028,5.88096,15.55548454695028
SKU_095,10 X 1.2 LT,West,Bhiwandi CFA,2.732733608014714,0.7008000000000001,2.031933608014714
SKU_095,10 X 1.2 LT,West,Ahmedabad CFA,3.160360232981386,1.4880000000000002,1.6723602329813858
SKU_096,4 X 3 LT,East,Kolkata CFA,6.669613503239574,1.5072,5.1624135032395735
SKU_096,4 X 3 LT,East,Guwahati CFA,3.2196260006549227,2.064,1.1556260006549226
SKU_096,4 X 3 LT,East,Kanpur CFA,5.89773336002225,3.3024000000000004,2.5953333600222495
SKU_096,4 X 3 LT,East,Jamshedpur CFA,1.3809147747257766,0.8160000000000001,0.5649147747257766
SKU_096,4 X 3 LT,North,Rajpura CFA,3.543293664436449,0,3.543293664436449
SKU_096,4 X 3 LT,North,Haryana CFA,2.8331320726749967,1.1328000000000003,1.7003320726749964
SKU_096,4 X 3 LT,South,Bangalore CFA,1.796242252465718,0.009600000000000001,1.786642252465718
SKU_096,4 X 3 LT,South,Hyderabad CFA,1.3420748595943637,0.5519999999999999,0.7900748595943637
SKU_096,4 X 3 LT,West,Bhiwandi CFA,1.2524271313453421,0.009600000000000001,1.242827131345342
SKU_096,4 X 3 LT,West,Ahmedabad CFA,0.4566356312412542,0.1824,0.2742356312412542
SKU_097,4 X 3 LT,East,Kolkata CFA,6.231758986021325,0.7080000000000001,5.523758986021325
SKU_097,4 X 3 LT,East,Guwahati CFA,9.38619702757431,5.443200000000001,3.942997027574309
SKU_097,4 X 3 LT,East,Kanpur CFA,4.707588280096376,3.8184,0.8891882800963757
SKU_097,4 X 3 LT,East,Jamshedpur CFA,1.2423990615748006,0.25680000000000003,0.9855990615748006
SKU_097,4 X 3 LT,North,Rajpura CFA,0.7900574049799771,1.536,0
SKU_097,4 X 3 LT,North,Haryana CFA,0.9094730964056963,1.1904000000000001,0
SKU_097,4 X 3 LT,South,Bangalore CFA,3.3927105629755383,3.2592,0.13351056297553843
SKU_097,4 X 3 LT,South,Hyderabad CFA,1.3247600312635708,1.3992000000000002,0
SKU_097,4 X 3 LT,West,Bhiwandi CFA,0.29822705558609436,0.4608000000000001,0
SKU_097,4 X 3 LT,West,Ahmedabad CFA,0.1514075820667864,0.10560000000000001,0.04580758206678638
SKU_098,1 X 195 LT,East,Kanpur CFA,0.5092531690665701,0.6240000000000001,0
SKU_098,1 X 195 LT,East,Jamshedpur CFA,0,0.15600000000000003,0
SKU_098,1 X 195 LT,North,Rajpura CFA,2.651324582139312,1.8719999999999999,0.7793245821393122
SKU_098,1 X 195 LT,North,Haryana CFA,7.760106263866118,2.9640000000000004,4.796106263866117
SKU_098,1 X 195 LT,South,Bangalore CFA,15.328270707003917,3.5880000000000005,11.740270707003916
SKU_098,1 X 195 LT,South,Hyderabad CFA,0,0.46799999999999997,0
SKU_098,1 X 195 LT,West,Bhiwandi CFA,1.0661860502699911,3.5880000000000005,0
SKU_098,1 X 195 LT,West,Ahmedabad CFA,1.673987830619157,0.15600000000000003,1.5179878306191568
SKU_099,1 X 10 LT,East,Kolkata CFA,3.8410792571383854,1.128,2.7130792571383857
SKU_099,1 X 10 LT,East,Guwahati CFA,0.7064517813969705,0.42400000000000004,0.28245178139697047
SKU_099,1 X 10 LT,East,Kanpur CFA,1.8491616340498198,1.4960000000000002,0.3531616340498196
SKU_099,1 X 10 LT,East,Jamshedpur CFA,1.0475670701286506,0.43200000000000005,0.6155670701286505
SKU_099,1 X 10 LT,North,Rajpura CFA,1.5609885176202174,0,1.5609885176202174
SKU_099,1 X 10 LT,North,Haryana CFA,2.0247494891276303,1.816,0.20874948912763025
SKU_099,1 X 10 LT,South,Bangalore CFA,2.777304755985401,0.2,2.5773047559854008
SKU_099,1 X 10 LT,South,Hyderabad CFA,3.737881663154477,1.4480000000000002,2.2898816631544765
SKU_099,1 X 10 LT,West,Bhiwandi CFA,5.208215745408049,0,5.208215745408049
SKU_099,1 X 10 LT,West,Ahmedabad CFA,2.1328562484110356,0.768,1.3648562484110356
SKU_100,1 X 210 LT,East,Kolkata CFA,0.4190248534960029,0.8400000000000001,0
SKU_100,1 X 210 LT,East,Kanpur CFA,0,0,0
SKU_100,1 X 210 LT,East,Jamshedpur CFA,1.487446566785536,0,1.487446566785536
SKU_100,1 X 210 LT,North,Rajpura CFA,0.6778193097529627,0.336,0.34181930975296265
SKU_100,1 X 210 LT,North,Haryana CFA,1.9739847387013125,1.008,0.9659847387013125
SKU_100,1 X 210 LT,South,Bangalore CFA,0.4657708990139032,1.848,0
SKU_100,1 X 210 LT,South,Hyderabad CFA,2.4665824117469293,0.8400000000000001,1.6265824117469292
SKU_100,1 X 210 LT,West,Bhiwandi CFA,3.4052060144218737,2.352,1.0532060144218738
SKU_100,1 X 210 LT,West,Ahmedabad CFA,3.6050050633224346,0,3.6050050633224346
